keyword,frequency
AI,46
Security,31
Technology,28
Performance,23
GitHub,22
Google,22
Apple,21
Machine learning,21
Privacy,18
API,16
Language models,14
Open source,14
GPU,13
Artificial intelligence,13
Innovation,13
Linux,13
SQL,11
Development,11
CSS,11
Windows,10
JavaScript,10
Intel,10
EU,10
Safety,9
Meta,9
Customization,9
Backdoor,9
Postgres,8
Android,8
LLM,8
Model,8
Accessibility,8
Training,8
Collaboration,8
Optimization,7
Efficiency,7
Research,7
Vulnerability,7
User experience,6
PostgreSQL,6
Integration,6
Productivity,6
Scalability,6
Transparency,6
Models,6
Developers,6
Boeing,6
Automation,6
Software development,6
Database,6
OpenAI,5
SQLite,5
Open-source,5
the European Union,5
ML,5
Microsoft,5
Accountability,5
Performance optimization,5
Surveillance,5
Identity,5
Speed,5
Infrastructure,5
Competition,5
Rust,5
HTTP,5
Sustainability,5
AMD,5
Programming,5
Go,5
Accuracy,5
NVIDIA,5
Reliability,5
Storage,5
Culture,4
Compatibility,4
Antitrust,4
YouTube,4
Design,4
Mozilla,4
Amazon,4
Algorithm,4
CPU,4
Rust programming language,4
HTML,4
Community,4
ChatGPT,4
Ban,4
Language model,4
Spacecraft,4
Documentation,4
Learning,4
Leadership,4
Availability,4
Acquisition,4
Manipulation,4
Hosting,4
NASA,4
Lawsuit,4
Funding,4
Growth,4
IP,4
Creativity,4
Mathematics,4
GUI,4
Software,4
SSH,4
Platform,3
Internet,3
Discord,3
Renewable energy,3
Trust,3
China,3
Email,3
Reimplementation,3
Journalism,3
Spotify,3
Compliance,3
European Union,3
Tools,3
Debugging,3
Hacker News,3
Flexibility,3
Natural language processing,3
WebAssembly,3
Cybersecurity,3
Galaxies,3
Exploration,3
Encryption,3
Bug,3
Version control,3
Java,3
Social media,3
Adaptation,3
Employment,3
Transformers,3
Transformer,3
Decision-making,3
Dependencies,3
Software engineering,3
Generative models,3
Vocabulary,3
Preservation,3
Large language models (LLMs),3
Entrepreneurship,3
Sharing,3
FCC,3
Education,3
COVID-19,3
Billing,3
Perception,3
Licensing,3
MIT,3
Expansion,3
Testing,3
Life,3
Observation,3
Graphics,3
Syntax,3
RAM,3
Library,3
MVP,3
CUDA,3
Principles,3
Startup,3
Code execution,3
SVG,3
IRS,3
App,3
TikTok,3
Game,3
CLI,3
Glassdoor,3
Visualization,3
Ecosystem,3
Performance improvement,3
Generative AI,3
JSON,3
Biology,3
Startups,3
Self-hosted,3
Fraud,3
Xz,3
Mistral,3
IBM,3
Vision,2
Choices,2
Online,2
Updates,2
GPU acceleration,2
Ollama,2
GitLab,2
DevOps,2
Work,2
Censorship,2
Project,2
Meeting,2
Code development,2
Probe,2
DMA,2
the Digital Markets Act,2
Skills,2
WASI,2
Content,2
Size,2
Signal,2
WhatsApp,2
Rendering,2
Cross-platform,2
Podcasts,2
Firefox,2
User interface,2
Extension,2
Automotive,2
Materials,2
Organization,2
Quality,2
Search results,2
Computer vision,2
Python,2
Scraping,2
EC,2
AWS,2
Natural Language Processing (NLP),2
Contact,2
Electronics,2
Twitter,2
Semiconductors,2
Chips,2
Manufacturing,2
Interpretability,2
Gemini,2
Google DeepMind,2
iMessage,2
Cryptography,2
Backup,2
Payloads,2
Intuitive Machines,2
Child development,2
8B,2
Interconnectedness,2
Web development,2
Code size,2
Layoffs,2
Solving,2
Issues,2
Landing,2
Commercial,2
Shutdown,2
BIOS,2
Tracking,2
Trial,2
C++,2
Deception,2
RSS,2
Codebase,2
Temperature,2
Improvement,2
Inference,2
Websites,2
Domains,2
North Korea,2
Domain names,2
Computing,2
Reasoning,2
Treatment,2
Data management,2
Mapping,2
The Federal Communications Commission,2
Predictability,2
Open-source software,2
Netlify,2
Time,2
BSD,2
FAA,2
The Federal Aviation Administration,2
Regulation,2
Aviation industry,2
Risk management,2
the US Navy,2
Flight,2
Simulation,2
Controls,2
Game development,2
Nintendo,2
the Digital Millennium Copyright Act,2
Piracy,2
DMCA,2
Containers,2
MacOS,2
AI models,2
IRC,2
Wiki,2
Forum,2
Firebase,2
WebGL,2
Unity,2
Browsers,2
Signals,2
Smartphones,2
Microcontrollers,2
HAL,2
Hardware,2
Support,2
Repositories,2
Pricing,2
Big data,2
Analytics,2
Image processing,2
Elon Musk,2
Kubernetes,2
Community engagement,2
Content quality,2
Light,2
Curl,2
Balance,2
Job satisfaction,2
Remote work,2
iOS,2
TypeScript,2
Spyware,2
California,2
FTC,2
LLVM,2
Production,2
Printing,2
Intelligence,2
Claude,2
Graphs,2
SDK,2
ZLUDA,2
Nvidia,2
Deep learning,2
Investors,2
Decentralized,2
Germany,2
Train travel,2
Attributes,2
Knowledge base,2
Search engine,2
Texts.com,2
Clusters,2
Programming language,2
Functionality,2
History,2
Epic Games,2
Fortnite,2
FDA,2
Google Chrome,2
Investigation,2
Environmentally friendly,2
Artist,2
Diagrams,2
Blocking,2
Infinity,2
Linux servers,2
Piano,2
macOS,2
CA,2
TLS,2
PNG,2
Amazon S3,2
App development,2
Technological advancements,2
Connectivity,2
Writing,2
Tailwind CSS,2
Disclosure,2
Universe,2
Aviation,2
Engineering,2
Network,2
GPUs,2
The Internal Revenue Service,2
Taxes,2
Direct File,2
WireGuard,2
Nix,2
Positivity,2
Space exploration,2
Voyager,2
Data protection,2
Online privacy,2
Onerep,2
Stars,2
Copyright,2
The Federal Trade Commission,2
Monopoly,2
Computation,2
E-books,2
Cloudflare,2
Devices,2
Expertise,2
Complexity,2
JIT,2
Symptoms,2
Investment,2
Physics,2
Editor,2
Interactive,2
GPS,2
Memories,2
Legal,2
User data,2
Insights,2
Law,2
CSS framework,2
Front-end development,2
DIY,2
Robotics,2
Blogs,2
Game of Life,2
Netflix,2
OAuth,2
User feedback,2
Simplification,2
GPT,2
Architecture,2
Redis,2
PyTorch,2
XZ,2
RGB,2
Reddit,2
Access,2
Interoperability,2
Authentication,2
Nodejs,2
DNS,2
Iteration,2
Communication,2
Errors,2
Cloudflare Workers,2
Revenue,2
Electric vehicles,2
Proof,2
DOM,2
Data analysis,2
Compression,2
LibreOffice,2
Digital sovereignty,2
Comparison,2
Notifications,2
Earthquake,2
Modify,2
Rabbit hole,2
Cloud computing,2
Links,2
Mental Health,2
Burnout,2
Embezzlement,2
Rabbit,2
Mobile,2
Society,2
General Availability,2
Cybertruck,2
Tesla,2
Brain,2
Law enforcement,2
Sensors,2
Source code,2
Teenagers,2
HashiCorp,2
Prioritization,1
Atom to Rust,1
Nathan,1
Memes,1
Model library,1
Preview,1
Jobs,1
Construction,1
Solar farm,1
Canigou Group's,1
Electricity,1
Schema migrations,1
Ruby on Rails,1
Representation engineering,1
Model behavior control,1
the Center for AI Safety,1
Fine-tuning,1
AI Transparency,1
AI transparency,1
Control vectors,1
Authors,1
Hugo Awards,1
Public comments,1
Cultural sensitivity,1
Calendar,1
Personal information,1
Hacking,1
Apple Watch,1
File system,1
WebDAV,1
SQL syntax,1
CorsixTH,1
Theme Hospital,1
Business practices,1
Financial Times,1
The European Commission,1
Subscription model,1
Discount,1
Digital access,1
Trial period,1
Digital Markets Act (DMA),1
Security concerns,1
iPhones,1
Web apps,1
"Jigsaw, Tailwind",1
Rails,1
DebugBar,1
Inspect,1
Critical thinking,1
Philosophy,1
College,1
Courses,1
Powerful features,1
Lightning-fast performance,1
Native GUI support,1
Rust-powered,1
Code editor,1
Digital trends,1
Google rankings,1
Technical content,1
Online communities,1
Platforms,1
Game engine,1
Spine,1
Personalization,1
Music streaming,1
UI/UX,1
Windows 7 and Windows 8,1
Floorp,1
black7375/Firefox-UI-Fix,1
UI,1
Proton UI,1
Query Language,1
PRQL,1
Aerospace,1
Carbon fiber,1
Vegan meal plan,1
Destination,1
Layout,1
Dynamics,1
Replacement,1
Non-small cell lung cancer,1
Lung cancer,1
Progression delay,1
Clinical trial,1
the Financial Times,1
Tagrisso,1
Task management,1
Memory,1
Time management,1
HouseFresh,1
Reviews,1
Media publishers,1
Autonomous systems,1
AI/ML,1
PBX,1
Automated calls,1
DTMF tones,1
IKEA,1
DTMF,1
Digital static,1
Spam calls,1
GTK,1
GPU rendering,1
Skia,1
WebKit,1
VSync,1
Graphics performance,1
DMA-BUF,1
WPE,1
Overpass API,1
OpenStreetMap,1
D mapping,1
Alexa,1
Monolithic architecture,1
CRUD,1
CRUD app,1
Python and Postgres,1
GLWTSPL,1
Vulnerability detection,1
Security testing,1
Memory security,1
XML and HTML data,1
XML,1
Web crawling,1
Parsing,1
BeautifulSoup,1
CAPTCHAs,1
Threat intelligence,1
Hackers,1
Instances,1
NVMe,1
SSD,1
Efficient Processing,1
Text Breaking Down,1
Tokenizer,1
Large Language Models (LLMs),1
Large Language Models,1
Planner Module,1
Vacation Scheduling,1
Constraint Solving,1
Picat,1
Imperative Programming,1
Logic Programming,1
Visibility,1
Beta,1
Fabrication,1
Circuit board,1
LED,1
News,1
Interstellar,1
Planets,1
Space travel,1
Competitiveness,1
AI stability,1
Economy,1
Security research,1
DeepMind,1
Quantum attacks,1
Software design,1
Contraction,1
Code changes,1
Modularity,1
Ease of extension,1
Public access,1
Ethical use,1
AI governance,1
Gemini Pro 1.5,1
Input,1
Video,1
Gemini Pro,1
AtuinSearch,1
Command line functionality,1
Syncing,1
Shell history,1
Searching,1
Business branding,1
Incomplete lists,1
Company names,1
Misinformation,1
Founder inspiration,1
Columbia Shuttle Street,1
South Pole,1
The Press Kit,1
Lunar mission,1
Technologies,1
LLC,1
TX,1
Gemini AI,1
Social media controversy,1
AI image generator,1
Historical accuracy,1
Racial representation,1
Home materials,1
Coding,1
Lego,1
Activities,1
Interactive toys,1
Cellular outage,1
Technical issue,1
AT&T,1
AT&T users,1
Communication disruption,1
Emergency services,1
Diffusion,1
Text-to-image,1
Free software,1
GitHub integration,1
Repository management,1
CMS,1
Configuration file,1
Content management,1
Media management,1
The Billion Row Challenge,1
Streams,1
IOSF,1
PSF,1
USB device emulation,1
Boot Guard,1
ACPI,1
BIOS/UEFI,1
P2SB,1
Linux kernel drivers,1
PMC,1
USB,1
TPM,1
Raw Gadget,1
PCH,1
NVRAM,1
UDC,1
xDCI,1
ThinkPad,1
User control,1
Data hosting,1
Decentralization,1
User interface (UI) elements,1
Website functionality,1
Natural language processing (NLP),1
Computer programming,1
Code quality,1
Machine learning (ML),1
Uncertainty,1
Paramount,1
Super Bowl,1
Capitalism,1
Management,1
Problem fixing,1
Credit,1
Demonstration,1
AI technology,1
Building,1
Fal.ai,1
Forking,1
Odysseus,1
Moon,1
Media,1
Vice,1
Readership,1
Financial,1
Facial recognition,1
Smart vending machines,1
the University of Waterloo,1
University campus,1
Unreal Engine,1
Oodle Data,1
RAD Game Tools,1
Intel processors,1
System instability,1
BIOS settings,1
FedEx,1
Order,1
Shipment,1
Delivery,1
Searchformer,1
Search dynamics,1
Sokoban puzzles,1
Satoshi Nakamoto,1
Private communication,1
Martti Malmi,1
Email correspondence,1
@aalto.fi,1
the University of Helsinki,1
the Google Highway Library,1
SIMD,1
Gemma,1
Inference engine,1
Inputs,1
Gemini Pro 1.5's,1
Context window,1
Closed source,1
AnyGrasp,1
Grasping models,1
TestGen-LLM,1
Software Engineering,1
Code improvements,1
Image intrinsics,1
Depth perception,1
a Low-Rank Adaptation,1
INTRINSIC,1
Surface normals,1
Scene reconstruction,1
Workplace platform,1
Slack,1
Probability Prediction,1
Natural Language Processing,1
Text Analysis,1
Language Model,1
Responsive tables,1
Minimal CSS,1
Table structure,1
Screen size,1
Layout and appearance,1
Bootstrap or Foundation,1
Shakespeare,1
Dragons,1
Lyrics,1
Hip-hop,1
Power metal,1
Themes,1
Clean vocals,1
Music,1
Institutions,1
Shirky principle,1
Problem solving,1
Lobbying,1
FeedBurner,1
Chromium,1
Advertisements,1
Architecture document,1
Open-source projects,1
Contributing files,1
Copernicus,1
Change,1
NOAA,1
Average,1
Climate,1
Scorecard,1
Records,1
Heat,1
Global,1
Inconsistencies,1
Safe deployment,1
Hallucination,1
Computable functions,1
Marginalia Search,1
Relevance,1
Boardscans,1
PCB assembly,1
Boardview,1
Soldering,1
Electronic manufacturing,1
Database querying,1
Virtual tables,1
Operating system data,1
SQL exposure,1
Mamba,1
State Space Models,1
Sequence length,1
State Space Models (SSMs),1
linear,1
Processes and threads,1
Data production and consumption,1
Coroutines and concurrency,1
Program structure,1
Pipes and pipelining,1
mars.nekoweb.org,1
Branding,1
Subdomains,1
Nekoweb,1
exploitation,1
human trafficking,1
labor rights,1
Technological innovation,1
McDonald's,1
Early internet history,1
Dot com names,1
iOS restrictions,1
App market dominance,1
Web app functionality,1
User impact,1
Competition obstacles,1
License,1
NonCommercial,1
Attribution,1
Creative Commons,1
the Creative Commons Attribution-NonCommercial,1
Retro,1
Nostalgia,1
Billing systems,1
Development time,1
Cost savings,1
Mistral Large,1
Partnership,1
AI start-up,1
Tech giant,1
Regulators,1
SQL databases,1
Data visualization,1
Interactive dashboards,1
Personal growth,1
Ideas,1
Medicine,1
the Royal Society of Tasmania,1
Infectious diseases,1
CloudTrail,1
Account ID,1
Custom policies,1
Bucket,1
VPC,1
AccessDenied,1
S,1
IAM,1
VPC endpoints,1
Multilingual support,1
Language pairing,1
Timing balance,1
AI translation,1
YouTube translation,1
CostQuest,1
Digital divide,1
Costquest,1
Underprivileged,1
Mission,1
Donation,1
Record-breaking,1
Capsaicin production,1
Jalape√±os,1
Spiciness,1
Growing conditions,1
Rapier,1
Dimforge,1
2D,1
Real-time simulations,1
Physics engines,1
Animation and robotics,1
Website usage,1
Overage,1
Bandwidth,1
Aging,1
Perspective,1
Reach,1
AGPL,1
Earnings,1
Fairness,1
Impact,1
Analysis,1
Slow thinking,1
Argumentation,1
Strategies,1
Global health risks,1
Water quality,1
Unsafe drinking water,1
Chemical contamination,1
Rainwater,1
Starship,1
FAA investigation,1
Launch failure,1
Corrective actions,1
SpaceX,1
Ants,1
Global society,1
Safety culture,1
Cooling,1
Green spaces,1
Heatwave,1
Urban planning,1
F-C,1
Carrier suitability testing,1
CATOBAR,1
Lakehurst NAS,1
Tailhook,1
US Navy,1
Airfoil,1
Aerodynamics,1
Flow,1
Cookies,1
Browser,1
Robot,1
Confirmation,1
SuperTux,1
Platformer,1
Logs,1
Traces,1
Metrics,1
Observability,1
Tech industry,1
OpenTelemetry,1
DOS calls,1
EXEC,1
DOS,1
Assembly language,1
INT h function,1
Leisure Suit Larry,1
Process management,1
Copyright protection,1
Yuzu emulator,1
Nintendo Switch,1
Yuzu's Patreon,1
Healthcare,1
UnitedHealth,1
Testcontainers,1
Docker,1
RecurseChat,1
Offline capabilities,1
IRC channel,1
GoboLinux,1
Horror stories,1
Resource consumption,1
Vercel,1
ServerlessHorrors,1
Serverless,1
Zombies,1
1D,1
Graphics programming,1
Color correction,1
DirectX,1
Look-up tables (LUTs),1
Interactive examples,1
Rules-based system,1
Agents,1
Matrix,1
Cost-effective,1
Hardware optimization,1
Pingora,1
Framework,1
Networked systems,1
Programmable,1
Algebraic structures,1
Symbolic mathematics,1
Equations,1
Computer algebra system,1
Python library,1
Firefox Sync,1
Unique,1
Exoplanet,1
Dual Quaternions,1
Interpolation,1
D Engine,1
Euclidean PGA,1
Geometric Algebra (GA),1
Machine Learning,1
Computer Graphics,1
PGA,1
Rotation Navigation,1
The Geometric Algebra,1
Forward Rendering,1
glTF,1
Advancements,1
W-1,1
Varda,1
Varda Space Industries',1
the Utah Test and Training Range,1
SQL engine,1
Data processing (processing of functions in SQL engine),1
NOW,1
AVG,1
SUM,1
TIMESTAMP,1
Database management system (DBMS),1
Performance (speed and efficiency),1
DBMS,1
"Functions (handling, direct vs passed through)",1
GROUP,1
GPS tracking,1
Digital advertising,1
Grindr,1
National security,1
Abstraction layers,1
Hardware Abstraction Layer (HAL,1
Platform independence,1
Cross-compiler development,1
The Unified Abstraction Layer,1
UAL,1
Standardization,1
Phoronix.com,1
Phoronix Premium,1
Dead-Penguin Tours,1
Kodak,1
Antarctic English,1
Ice terms,1
Dialect,1
Tourist encounters,1
Sensitive data,1
Application risk,1
Malicious code,1
Heinz,1
Packaging,1
Recyclable,1
Ketchup,1
CT scanning,1
Changes,1
KDE Frameworks 6,1
KDE Frameworks,1
KDE Gear 24.02,1
KDE Plasma 6,1
Hardware support,1
Graphical session,1
KDE Gear,1
Wayland,1
KDE Plasma,1
Commands,1
Bell Labs,1
Content negotiation,1
Manual pages,1
Workout tracking,1
Fitness tools,1
Distance-based exercises,1
Personalized solutions,1
Developer experience,1
Correctness,1
Effort,1
Business intelligence,1
Data sources,1
Self-serve,1
Patching,1
SRE,1
QA,1
Charges,1
Subscribers,1
AI assistant,1
Slack and Discord,1
Chat platforms,1
Search tools,1
Strucbot,1
Lossless compression,1
Memory optimization,1
JPEG XL,1
Streaming encoding,1
Limitations,1
Frame rates,1
Specification,1
HDMI,1
Open Access,1
ACM,1
Publication,1
Greg Brockman,1
Sam Altman,1
Distributed storage,1
Xenobroom Inc,1
Database migration,1
AWS flexibility,1
Extrasensory perception,1
Server infrastructure,1
Psychic,1
Xenobroom Inc.,1
DigitalOcean,1
CSS Tricks,1
Geoff,1
CSS-Tricks,1
Ownership change,1
Fermat,1
Trajectory,1
Action,1
Lens,1
PGM,1
Arcade games,1
IGS,1
Gaming history,1
Martial Masters,1
MAME,1
Taiwanese variant,1
Russia,1
Marsalek,1
COO,1
Jan Marsalek,1
Spy,1
Wirecard,1
Fugitive,1
Bike trailer,1
Community cleanup,1
Road safety,1
Recycling,1
Instagram,1
Metal debris,1
the Open Source Technology Improvement Fund,1
Fuzzing,1
WebSocket,1
HTTP Strict Transport Security,1
Wood stability,1
Heartwood,1
Durability,1
Longevity,1
Growth rings,1
Webinar,1
Companies,1
Surveys,1
Policy,1
Workweek,1
Pilot,1
Benefits,1
Permanent,1
Health,1
Virtual internships,1
REMOTE,1
VISA,1
INTERNS,1
Telecommuting,1
Visa sponsorship,1
Home Screen,1
Progressive Web Apps,1
Resources,1
Udemy,1
Networking,1
Pydantic models,1
TypeScript interfaces,1
Declarative coding,1
FastUI,1
Web application user interfaces,1
Court battle,1
Pegasus,1
NSO Group,1
NSO,1
Autonomous vehicles,1
Waymo,1
Comics,1
Zine,1
Julia,1
Newsletter,1
Archives,1
Photos,1
Weathergov,1
National Weather Service (NWS),1
Weather.gov,1
Forecasts,1
NWS,1
the National Weather Service,1
Conditions,1
Bash programming language,1
Unconventional approach,1
Resourcefulness,1
Determination,1
Exclusive content,1
Patreon account,1
Wintergaten,1
Music creation,1
Marble machine,1
‚Ä¢ Algorithm,1
‚Ä¢ Antitrust,1
the Department of Justice,1
the Federal Trade Commission,1
‚Ä¢ Federal Trade Commission,1
The Albuquerque Police Department,1
Efficacy,1
Secrecy,1
ShotSpotter,1
Parallelization,1
IR,1
CS 6120,1
Intermediate representations,1
Programming language implementation,1
Optimization techniques,1
Garbage collection,1
the One Billion Row Challenge,1
Standard library,1
Multithreading,1
Windows API,1
Reader/writer locks,1
Abstraction,1
Deploys,1
Static site generator,1
Observable Framework,1
Interactive documents,1
Data apps,1
Dashboards,1
Digital assets,1
Asset management,1
Blockchain,1
Decentralized platform,1
Developer tools,1
Page layout,1
Sizing,1
Margins,1
Positioning,1
Reference materials,1
Illustration,1
Butterflies,1
Cone response times,1
Procedural animation,1
Motion blur,1
Perceptual similarity,1
Video simulation,1
Lasso software,1
The Court of Appeal,1
the General Public License,1
Entr'Ouvert,1
copyright infringement,1
GPL,1
Orange,1
Fine,1
MacBook Air,1
Battery life,1
M chip,1
Haiku,1
Sky planning,1
Altitude charts,1
GOES,1
Weather details,1
D views,1
Sky Planner,1
Object tracking,1
Nodes,1
Edges,1
Agreement,1
Translation,1
Restriction,1
Audio,1
Signal processing,1
Yuzu,1
Damages,1
Emulator,1
Server console,1
Domain name,1
Self-hostable,1
Puter,1
Internet OS,1
Medical condition,1
Healthcare professionals,1
Proactive approach,1
Incident management,1
Systematic approach,1
Euro NCAP,1
Distractions,1
Scores,1
Driving,1
FanDuel,1
Paddy Power Betfair,1
Priority payment,1
Acquisition deals,1
Startup employees,1
Liquidation preferences,1
Human evaluations,1
Multimodal Diffusion Transformer,1
Multimodal diffusion transformer,1
Spelling capabilities,1
Stable Diffusion 3,1
Text-to-image generation,1
Typography,1
Autonomy,1
Infrastructure management,1
Liberation,1
Adventure,1
Digital nomad,1
Measurement,1
Executives,1
Reality,1
Styling,1
Flutter,1
Status updates,1
Business products,1
WhatsApp Business API,1
Murmurations,1
Elliptic curves,1
Flocking behavior,1
Statistical techniques,1
Cross-platform compatibility,1
RealityCapture,1
AMD GPUs,1
Arnold,1
Personalized results,1
Windows Subsystem,1
Android apps,1
Amazon Appstore,1
Technical support,1
Windows Subsystem for Android (WSA),1
WSA,1
Datalog,1
Declarative programming,1
Programming languages,1
Relational algebra,1
Certificate pinning,1
Security enhancement,1
Meta Messenger,1
SSL handshake,1
Compute providers,1
Multimodal models,1
General intelligence,1
Elon,1
Alignment,1
Type safety,1
Semantics,1
Dada,1
WIP,1
Developer account,1
Epic,1
App Store,1
Diabetes management,1
Hypoglycemia,1
Continuous monitoring,1
CGM,1
The U.S. Food and Drug Administration,1
Glucose monitor,1
Oral medication,1
Tooling,1
Airplane,1
Browser extensions,1
Plasmo,1
New Management,1
Security alerts,1
Plasmo package manager,1
Dependency management,1
Ownership changes,1
pnpm,1
Network services,1
Compiler,1
DockerC,1
Executable,1
Alaska Airlines,1
The National Transportation Safety Board,1
the Senate Commerce Committee,1
NTSB,1
Max,1
Clothes,1
Washing,1
Convenience,1
Detergent,1
Strategy,1
Playback,1
the Leadership Team,1
Leadership team,1
Continuous improvement,1
jargon,1
Professional film industry,1
RED,1
Digital cinema cameras,1
Color science,1
Nikon,1
Product development,1
RED ONE,1
Image compression technology,1
Designer,1
Game creation,1
Technical knowledge,1
Downpour,1
Energy,1
the European Space Agency,1
Radar,1
Offshore,1
Imagery,1
VSCode,1
Engineering tools,1
Node.js,1
Espionage,1
Trade Secrets,1
National Security,1
Artificial Intelligence,1
Mucus,1
Trikafta,1
Cystic fibrosis,1
Protein,1
Marijn Haverbeke,1
Best practices,1
P√©chane Sumi-e,1
Tidally locked planet,1
Flares,1
Heat distribution,1
Rotation period,1
Red dwarf star,1
URL scanning,1
Website content,1
Automated solution,1
Manual intervention,1
Sensitive links,1
Collective defense,1
Membership,1
Accession,1
NATO,1
the United States Government,1
Sweden,1
Zero-shot evaluation,1
GPT-3,1
Language modeling,1
GPT-,1
Data sets,1
Pile,1
Approximation techniques,1
Computer architecture,1
N\cdot\frac{\pi}{16}$.,1
Pi approximation,1
Processor formula,1
Numerical computation,1
QLoRA,1
Library Genesis,1
Seeding,1
The Pirate Library Mirror,1
Book donations,1
Technical difficulties,1
the Pirate Library Mirror,1
High-speed servers,1
Pirate Library Mirror,1
User Experience,1
Paste,1
Legend,1
Anime,1
Manga,1
Creator,1
Switch,1
Derivative,1
Function,1
Square root,1
Children,1
Neurodevelopmental effects,1
Pesticide,1
Health risks,1
Brain damage,1
Europe,1
Destinations,1
Affordable,1
Cable & Wireless,1
Moving,1
Home office,1
Nomadic,1
Deepwater sharks,1
Defaunation,1
Oil,1
Meat,1
Fishing,1
Explaining,1
Student,1
Congressional,1
Washington,1
Procedure,1
Distributed task queue,1
Transactional enqueuing,1
Financial data,1
Investment filings,1
Regulatory compliance,1
Virtual,1
Webcam,1
Instruments,1
the European Commission,1
European Commission,1
DMA law,1
Directors,1
Board appointments,1
Altman,1
SPARC,1
High-temperature superconductivity,1
Fusion power,1
Superconductors,1
SPARC device,1
Magnets,1
Command line tool,1
Text-based art,1
Line control,1
Custom text engine,1
Image exporting,1
Layouts,1
Shape attachment,1
Monodraw,1
Flow charts,1
Plain text,1
Dynamic lines,1
Bruno,1
API client,1
US government,1
Criminal investigation,1
Safety regulations,1
Interfaces,1
Modules,1
SAP,1
Reusability,1
SD cards,1
iPhone,1
Devteam,1
the Devteam Conquered,1
Tool,1
CloudBeaver,1
Essays,1
Students,1
GTP,1
Self-play learning,1
File sharing,1
Nearby devices,1
Cognitive - The article covers the impact of experimentation on cognitive abilities,1
Memory - The study examines the effects of altered memories on the subject's mental state,1
Psychology - The study delves into the psychological aspects of memory and cognition,1
feedback,1
documentation,1
ebook-demo,1
jqkb,1
Bluetooth,1
Memory Corruption,1
Bluetooth Low Energy,1
Low Energy (BLE),1
Pixel,1
PDF generation,1
LaTeX/Markdown,1
PDF,1
Generation phase,1
Design phase,1
Document layout,1
Airbnb,1
Security cameras,1
Expectation of privacy,1
Hosts,1
Guests,1
Locations,1
Renters,1
Outdoor security cameras,1
Builds,1
the Global Interpreter Lock,1
GIL,1
Disabling,1
Infinite canvas,1
Data interoperability,1
JSON Canvas,1
Digital whiteboard,1
Spatial organization,1
Sampling,1
Multimodal distributions,1
Diffusion models,1
the Big Bang's,1
James Webb Space Telescope,1
Hubble,1
Constant,1
Hubble Space Telescope,1
Profits,1
Statistical modeling,1
Confounding variables,1
"University of California, Berkeley",1
Causal relations,1
Gender bias,1
Simpson's paradox,1
Transformer Debugger (TDB),1
Autoencoders,1
Model behaviors,1
Delegation,1
Estimation,1
Specificity,1
Tasks,1
SVG animations,1
Creators,1
Motion graphics,1
Trangram,1
Designers,1
Web-based platform,1
Adobe Illustrator,1
NVME,1
GRML,1
Transfer,1
Laptops,1
In-app promotions,1
App distribution,1
Apps,1
Distribution,1
Web,1
Storms,1
Global inequalities,1
Weather forecasting,1
AI software engineer,1
Collaboration tools,1
Autonomous technology,1
Legal challenge,1
The New York City Police Department,1
Subpoena,1
NYPD,1
Image detail,1
Mandelbrot set,1
Floating point calculations,1
Multiprecision,1
GMPF,1
Precision,1
Moderation,1
Labeling,1
Control,1
Online filing,1
Free returns,1
Task monitor,1
Accelerators,1
Huawei,1
NVTOP,1
APIs,1
NATS,1
Messaging,1
French couturiers,1
Wire photo,1
Fast fashion,1
Transmission,1
Local file editing,1
Markdown,1
Content control,1
Free service,1
Tax filing,1
the Internal Revenue Service,1
Eligible states,1
Isolation,1
Breathing machines,1
Alexander,1
House,1
Sale,1
Multiworld,1
Instructions,1
Agent,1
Package management,1
Enterprise SDLC,1
Reproducible environments,1
Flox,1
Configuration tools,1
Paper,1
Tadashi,1
Visuals,1
District heating system,1
Heat exchanger,1
Thermal energy storage,1
Sand battery,1
Grid storage,1
Security risks,1
LLM-generated code,1
Sandboxed environment,1
LaVague tool,1
Tech,1
Nuance,1
Excel,1
Neural Nets,1
Implementation,1
LLMs (Large Language Models),1
Systems,1
Honda,1
Military,1
Antihero,1
Ha≈°ek,1
War,1
Bureaucracy,1
Satire,1
System checks,1
Docking,1
Dragon,1
Launch vehicle (Falcon ),1
Orbit,1
International Space Station (ISS),1
the International Space Station,1
Separation,1
Consumer electronics,1
Right to repair,1
Device manufacturers,1
Repair manuals,1
Parts availability,1
Technical advancements,1
Issue resolution,1
NASA engineers,1
personal data,1
consent,1
data policy,1
privacy,1
Workflow automation,1
Skyvern,1
Labor,1
Aesthetics,1
Sharding,1
Figma,1
Load testing,1
Scaling,1
Troubleshooting,1
Execution trace,1
Broadband,1
Standard,1
Metric,1
Virginia,1
legitimacy,1
Identity management,1
Belarus,1
Onerep.com,1
People search websites,1
Cyprus,1
security practices,1
Tutorials,1
Nighttime environment,1
DarkSky International,1
Malheur,1
Dark Sky Sanctuary,1
Oregon,1
General Motors,1
OnStar,1
LexisNexis Risk Solutions,1
LexisNexis,1
Class action,1
Open Content,1
Cultural artifacts,1
Digital collections,1
Museum mandate,1
Creative Commons Zero (CC),1
Art history,1
Online access,1
Trolling,1
Infringement,1
Disbarred,1
Liebowitz,1
Desktop tool,1
TextSnatcher,1
OCR,1
Image text extraction,1
the Apple Vision Pro,1
VR,1
Whistleblower,1
Suicide,1
Unsafe practices,1
Silencing,1
Berlin,1
Heritage,1
Techno,1
Fast Inner-Product (,1
Algorithm optimization,1
Hardware architecture,1
FFIP,1
FIP,1
Inner product algorithms,1
Machine learning accelerators,1
Franchise,1
Department of Justice,1
Repair,1
graphics cards,1
NixOS,1
Domain-specific language,1
Package building,1
Notation,1
CS251,1
Automata,1
DFA,1
CMU,1
Waste removal,1
Sleep,1
Neurology,1
Brain waves,1
Mice,1
Legal battle,1
Publishers,1
Affordability,1
Libraries,1
Web content,1
Freenom,1
Resolvable,1
TLDs,1
Kernel Extensions,1
DriverKit,1
Macs,1
Apple CPUs,1
Non-Apple hardware,1
Hackintosh,1
Data processing,1
SDR,1
Electromagnetic spectrum,1
Signal detection,1
Software Defined Radio (SDR),1
Wireless communications,1
Software Defined Radio,1
Instincts,1
Behavior,1
Posture,1
Resting,1
Sleeping,1
Debloating,1
ADB,1
FAQ,1
ABI,1
Electronic,1
Optical,1
Kohlpaintner,1
Private,1
Modern,1
Exclusive Architecture,1
Popular Mechanics,1
Compilability,1
Large language models (LLM),1
Binary code,1
Decompiling,1
Reverse engineering,1
lateral thinking,1
glyph analysis,1
pixel limitation,1
font design,1
typography,1
minimalism,1
readability,1
essence of typography,1
Ancestor,1
Tentacles,1
Cambrian,1
Shell,1
Cephalopod,1
the cephalopod group,1
the HuggingFace Hub,1
Grok,1
Modems,1
Vintage hardware,1
Dial-up,1
Bulletin Boards,1
Intricate nature,1
Perspective shift,1
Multitude of skills,1
Planka,1
Workgroup,1
Kanban,1
Real-time,1
Misconfiguration,1
Data breach,1
User consent,1
Cookie banners,1
EU regulations,1
Data tracking,1
LWN.net,1
Code-generation,1
Optimizations,1
Interpreter,1
Backend,1
Andres Freund's,1
JIT compilation,1
Experimental extension,1
Query execution,1
Prevention,1
Tarsus Pharmaceuticals,1
Health protection,1
Lyme,1
Disease transmission,1
Lyme disease,1
Ticks,1
New treatment,1
Protection,1
Pill,1
Numbers,1
Paris,1
Cycling,1
Server-Sent Events,1
One-way,1
SSE,1
Server-side events,1
Web communication,1
WebTransport,1
Bidirectional,1
WebSockets,1
Synthetic media,1
Content creation,1
the Environmental Protection Agency,1
Asbestos,1
EPA,1
Public health,1
Auditing,1
SwiftUI,1
Disabilities,1
Non-commercial use,1
Hugging Face,1
Single image inputs,1
D modeling,1
Video technology,1
Stable Video Diffusion,1
Orbital videos,1
D video creation,1
Commercial use,1
Camera conditioning,1
Deployment,1
Exploitation,1
Kernel,1
Microsoft Research,1
Garnet,1
Cache-store,1
Fundamental,1
Sabine Hossenfelder's,1
Blogging,1
Theories,1
Science,1
JDK,1
Shared lists,1
Instant response times,1
OmniFocus,1
Todo manager,1
Cloud sync,1
Keyboard orientation,1
Start Google,1
Google launch,1
Web browser,1
Online platform,1
Internet search,1
Viewer,1
BrickSketches,1
sets,1
prices,1
increased,1
decreased,1
Alien Force,1
BrickHeadz,1
LEGO,1
Creator Expert,1
Fat buildup,1
Research findings,1
Brain cells,1
Alzheimer's disease,1
Neurodegeneration,1
Platform compatibility,1
Trailing newlines,1
Regular expressions,1
Character `$`,1
Multiline mode,1
Ranking contributors,1
Transformer architecture,1
Attention is All You Need,1
Vector graphics,1
Rive,1
The Rive Renderer,1
Antialiasing,1
Renderer,1
GNSS,1
Flight tracking,1
Interference,1
GPS jamming,1
ADS-B receivers,1
Global navigation satellite systems (GNSS),1
BeiDou,1
Ease of use,1
Simplicity,1
PDF format,1
Academic papers,1
Organized manner,1
ACA,1
TANF,1
Health insurance,1
Income-based subsidies,1
Discontinuities,1
Subsidy discontinuity,1
Tax policy,1
Medicaid,1
Randomized levels,1
Pixel Dungeon,1
Dungeon crawler,1
Roguelike,1
Items collection,1
Open-source gaming,1
Vinge,1
Future of humanity,1
Singularity,1
Chemotaxis,1
Single cells,1
E coli,1
Difftastic,1
Code comparison,1
Tree-sitter parsing,1
Syntax analysis,1
Command-line diff tool,1
the University of Virginia,1
DuckDB,1
Google Photos,1
AI-based tagging,1
Nextcloud,1
Photo management,1
Consent,1
Workings,1
Complex problems,1
Chain-of-thought reasoning,1
Computational complexity,1
BBSes,1
Brand new project,1
Picotron,1
Runtime,1
Chronos,1
Time series,1
Forecasting,1
Zero-shot learning,1
Pretrained models,1
Profile management,1
Anonymity,1
Australia,1
Airports,1
Economic impact,1
Passenger traffic,1
Infrastructure development,1
Environmental concerns,1
Dart Sass,1
Flexbox,1
Bulma,1
Supersonic,1
Travel,1
Target rate,1
Inflation,1
Federal Reserve,1
Central bank,1
the Federal Reserve,1
Design patterns,1
Web design,1
Responsive layouts,1
Magickcss,1
CDN,1
Elegant look,1
TTRPG,1
LaTeX,1
Usability,1
Minimalistic design,1
Identity protection,1
Shelest,1
Data brokers,1
OpenCat,1
Petoi,1
Kit,1
Crowdfunding,1
Totalitarianism,1
Suburban Britain,1
Alternative history,1
Paranoia,1
Fake memorabilia,1
Forbes,1
Constitution,1
Board of Directors,1
The Board of Directors,1
Stability AI's,1
CEO,1
Stability AI,1
Progress tracking,1
Workload management,1
Team productivity,1
GitLab.com,1
CI,1
Issue tracking,1
CI/CD pipelines,1
Social media platforms,1
RSS feeds,1
Content discovery,1
Zoomability,1
Market saturation,1
Consumption,1
Physical media,1
Streaming,1
Environment management,1
GitHub OAuth,1
Devcontainer,1
Town buying,1
Arkansas,1
Business location,1
Cheap real estate,1
Warehouse search,1
Iztapalapa,1
San Andr√©s Tetepilco,1
Aztecs,1
Culhuacan,1
the National Institute of Anthropology,1
the Codices of San Andr√©s Tetepilco,1
Codices,1
Mexico City,1
Incidence,1
Lifestyle,1
Mortality,1
Early onset,1
Cancer,1
Essential crisis tools,1
Performance issues,1
Resolve,1
Diagnose,1
intel,1
Server,1
TinySSH,1
eBooks,1
Grammar,1
Language learning,1
Practice,1
Beem Development,1
Android app,1
v3.0,1
Aegis,1
Two-factor authentication,1
Network independence,1
CLI tool,1
HTML compression,1
Embedded assets,1
Web page savior,1
Explainable AI,1
Interpretable ML,1
Multi-Modal Learning,1
Transparent ML,1
Data Science,1
Transfer Learning,1
Domain Adaptation,1
Pre-trained models,1
HQQ+,1
Quantization,1
Low bit,1
Direct quantization,1
Radio modding,1
VHF and UHF bands,1
VHF,1
USB programming,1
Flash memory,1
UHF,1
Firmware customization,1
Knowledge retrieval,1
Information correction,1
User prompts,1
Linear functions,1
React inspiration,1
Lifetime management,1
GUI library,1
Dioxus,1
SSR,1
Discourse,1
The OpenAI Developer Community on Discourse,1
Posts,1
Prison sentence,1
Ulbricht,1
Cryptocurrency,1
Bankman-Fried's,1
the Mamba Structured State Space,1
Hybrid,1
Notepad++,1
NotepadNext,1
Employees,1
Mistreatment,1
Knowledge sharing,1
Neuroscience,1
log memories,1
the VP of Technology,1
Happiness,1
Axel,1
VMware,1
Salvatore Sanfilippo,1
Non-free licenses,1
KeyDB,1
Valkey project,1
The Linux Foundation,1
Source-available,1
Email subscriptions,1
Inbox management,1
Promotional messages,1
Unsubscribe,1
Newsletters,1
Antitrust suit,1
Business relationship,1
Facebook Watch,1
Migration,1
Voice cloning,1
Emotion recognition,1
Instant voice cloning,1
OpenVoice,1
Speech synthesis,1
Language translation,1
Maintainer,1
the Lovelace Medal,1
Edinburgh University,1
Advocate,1
Cambridge University,1
Wildlife protection,1
Biodiversity,1
Romania,1
Carpathian Mountains,1
Conservation,1
Mailing lists,1
Software security,1
Usage guidelines,1
The Open Source Software Security Wiki,1
User interface tools,1
Database management,1
SQL client,1
Deployment maintenance,1
Amazon Redshift,1
Relational databases,1
Read-Copy-Update (RCU),1
Atomicity without blocking,1
Use-after-free bugs,1
Concurrent data sharing,1
RCU,1
Character,1
Disability,1
Landlock,1
Image viewer,1
IrfanView,1
Photo editing,1
Software availability,1
User preferences,1
Authentication bypassing,1
Ed key,1
Remote code execution (RCE),1
RCE,1
Duvet covering,1
Time-saving,1
Inverting,1
Rolling,1
OpenSSH,1
Obfuscation,1
xz/liblzma,1
Bash code,1
XZ/liblzma,1
Maintenance,1
Intensity levels,1
RGB values,1
Color guessing,1
NordVPN,1
Desktop,1
Safari,1
VPN,1
Website,1
Auto-tracking,1
"Angular, Ember",1
JavaScript ecosystem,1
Framework integration,1
Glory,1
Projects,1
Fame,1
Success,1
üñ±Ô∏è & ‚å®Ô∏è.,1
Upscayl,1
Upscaling,1
DMARC,1
DKIM,1
Outlook.com,1
Hotmail,1
Yahoo,1
Standards,1
SPF,1
Timestamps,1
Git,1
"Computing platforms (ARMv+, Intel, AVX)",1
MKL,1
Kernels,1
Matrix multiplication,1
Data compression,1
Xz Utils,1
Encoding,1
Decimal encoding,1
QR codes,1
Data storage,1
COVID,1
Error correction,1
React,1
Full-stack developer,1
Decryption,1
CVE-2024,1
Utility,1
DNS server,1
Execution,1
Bun,1
HeyForm,1
Questionnaire design,1
Conversational forms,1
Survey creation,1
Form builder,1
Ownership,1
Startup Fund,1
Packet loss rate,1
Internet connection,1
Home network,1
RoBERTa,1
BERT,1
Interpretation,1
Wireproxy,1
Proxy,1
CheckAlive,1
Tunneling,1
Large language models,1
Emerging architectures,1
Portfolio companies,1
Vector databases,1
the Dynamixel SDK,1
Laundry folding,1
Servo motors,1
GELLO,1
Low-cost,1
Robot arm,1
Supply chain,1
Startup founder,1
Technical co-founder,1
Online search,1
Leadership skills,1
MVP development,1
Mistakes,1
Chess strategy,1
Strategic moves,1
Blunders,1
Valgrind,1
xz package,1
attack,1
security,1
Debian,1
build process,1
Chess,1
Variant,1
Los Alamos Scientific Laboratory,1
Los Alamos,1
Minimax,1
Computer program,1
Lifecycle,1
Future plans,1
Python Workers,1
Lessons learned,1
Private jet,1
Earnings report,1
Canoo,1
Expenses,1
Losses,1
Dockerfile,1
Automatic,1
Fix,1
high performance,1
lightweight,1
flexible architecture,1
YC,1
minimal effort,1
app development,1
NeRF,1
Level of Detail (LoD) strategy,1
Large-scale D rendering,1
CityGaussian,1
FPS,1
Gaussian primitives,1
LoD,1
Efficient training and rendering,1
Amazon Fresh,1
Checkout process,1
Grocery shopping,1
In-store experience,1
Manually,1
Captioned,1
Urgent,1
Call,1
Timely,1
Relations,1
Functions,1
CreateSpace,1
GIAM,1
GIMP,1
Logic,1
USGS,1
Earthquakes,1
Javascript,1
Application,1
Latest,1
Programming techniques,1
Stacks,1
Memory management,1
Heaps,1
Compiler optimization,1
Vulnerabilities,1
"the ""Jia Tan""",1
Multilayered plan,1
LangChain,1
LlamaIndex,1
HuggingFace,1
PyTorch library,1
Model integration,1
Low latency,1
LLM tasks,1
Server-rendered,1
LiveSvelte,1
Frontend-backended,1
SPA,1
Stateful,1
Svelte,1
LiveView,1
Warning detection,1
Static analysis,1
Compile-time simulation,1
Bounds checking,1
Israel-Gaza conflict,1
Military technology,1
Drone warfare,1
AI coding engine,1
OpenAI API,1
Plandex,1
Shell companies,1
Kehoe,1
Corporate registries,1
Investigative journalism,1
the International Consortium of Investigative Journalists,1
Data and Research,1
Ownership transparency,1
ICIJ,1
Image quality,1
Backward compatibility,1
JPEG,1
Terraform,1
Hydrogen electrolysis,1
Carbon capture,1
Methanation,1
Video production,1
Artistic projects,1
Image synthesis,1
Computational resources,1
Mac,1
Download,1
Cloud,1
Problems,1
Files,1
Time Machine,1
Drive,1
Steam,1
Full,1
User protection,1
Aalto University,1
Security settings,1
Data collection,1
Apple apps,1
Schleswig-Holstein,1
Government IT,1
Microsoft Windows and Office,1
Style,1
Phishing,1
Credit cards,1
Participation incentives,1
Roleplaying games,1
Rewards,1
Interchange fees,1
Blindness,1
Vincit,1
Screen reader,1
Voice synthesis,1
Pulse radar,1
Digital signal processing,1
Weather radars,1
Doppler,1
Doppler shifts,1
FMCW radar,1
MIT License,1
Sad girl,1
In-process sandbox,1
Memory corruption,1
Chrome VRP,1
VRP,1
Vulnerability Reward Program,1
V Sandbox,1
Memory safety,1
The Great American Rail-Trail,1
HTTP/,1
Flood,1
CONTINUATION,1
HPACK,1
Frame,1
Sparsely activated architecture,1
ModuleFormer,1
JetMoE-B,1
Tokenization,1
Data organization,1
Personal characteristics,1
Table arrangement,1
Data lookup,1
‚Ä¢ DMCA,1
‚Ä¢ Copyright,1
‚Ä¢ Entity,1
‚Ä¢ Infringement,1
‚Ä¢ Law firm,1
‚Ä¢ TechGods,1
‚Ä¢ Fraudulent,1
Mario Kart,1
Pareto frontier,1
Racing,1
Multi-objective,1
Windows and Office,1
University of Iowa Hospital,1
Insurance,1
Alias,1
Identity theft,1
National Credit Union Administration,1
Context switch paths,1
Vscsi(),1
Kernel improvements,1
OpenBSD,1
Binary modulo operator,1
IAMF,1
Decoder,1
FFmpeg,1
VVC,1
Transcoding,1
Bootloader,1
QEMU,1
UEFI,1
Yossi Sariel,1
Guardian,1
Israel,1
Unit,1
Advice,1
Struggles,1
Stuck,1
Marriage,1
Deprecation,1
Workplace frustration,1
Internal tools,1
The Earthquake Event Page,1
Event Page,1
Financial success,1
Navy life,1
Loans,1
Station in life,1
Latent space,1
Underlying structure,1
Multidimensional array,1
Mathematical representation,1
Privacy-respecting,1
Developer community,1
Metasearch engine,1
Aggregation,1
Message,1
Genres,1
Editing,1
Insurance industry,1
Risk assessment,1
Customer profiling,1
Digital technology,1
Aerial imaging,1
Visual representation,1
Facial features,1
Drawing,1
Users,1
Btrfs,1
reimplementation,1
filesystem,1
WinBtrfs,1
XP,1
SSHD,1
Personal liability,1
Asset ownership,1
Sole proprietorship,1
Business management,1
Limited capital raising,1
Modern architectures,1
ToDoList,1
PalmOS,1
PumpkinOS,1
IDE,1
DateBook,1
GPL v,1
MemoPad,1
Silicon Valley,1
Women in tech,1
AlphaGo,1
Decision quality,1
Portability,1
C and CUDA code,1
Deep Learning (DL),1
Machine Learning (ML),1
Artificial Intelligence (AI),1
Open Language Model (OLM),1
Plant roots,1
Drawings,1
Anatomy,1
Root systems,1
Botany,1
NoSQL databases,1
Distributed databases,1
Database replication,1
Key size,1
Public key management,1
Authorized keys,1
SSH authentication,1
User identity verification,1
Burlingame,1
Secret apartments,1
Public funds,1
Caltrain,1
Officials,1
Misusing funds,1
Static RAM,1
Discrete logic chips,1
Full-duplex,1
byte,1
Transceiver,1
Ethernet,1
KB,1
Blade safety brakes,1
Woodworking accidents,1
Consumer Product Safety Commission,1
Table saw safety,1
Injury prevention,1
The Consumer Product Safety Commission,1
Tensor Processing Units,1
Processors,1
Energy efficiency,1
Custom silicon,1
Video Coding Unit,1
VCU,1
Data centers,1
Cost,1
PriceLevel,1
Chat,1
Matt Mullenweg,1
Automattic,1
Compute power,1
AI accelerator,1
Memory bandwidth,1
Fran√ßois Englert,1
Peter Higgs,1
Higgs boson,1
Particles,1
Mass,1
Premium earbuds,1
Repairability,1
Fairtrade Gold,1
Fairtrade Silver Credits,1
Fairmined gold,1
Recycled materials,1
Fairmined Gold Credits,1
Fairbuds,1
Google Research,1
Computer science,1
Hardware disease,1
Cattle health,1
Alnico magnets,1
Reticulum,1
Cow magnets,1
Alnico,1
Moral panic,1
Youth,1
Psychology,1
Query engine,1
MySQL,1
Data source,1
Relational database,1
Reliable AI,1
Complementary agents,1
Testing optimization,1
Workflow development,1
Windows 3.1,1
Product details,1
Phases,1
Installation process,1
Operating environments,1
Moore's Law,1
Mistral AI Launches New,1
Launches,1
Bookkeeping,1
Mathematical development,1
Accounting,1
Cultural significance,1
Algorithmic Game Theory,1
Information Theory,1
Raw data,1
ADS-B,1
Datasets,1
User-generated content,1
Phishing scams,1
Processing,1
E-readers,1
the Kobo Libra Colour,1
The Kobo Libra Colour,1
Kobo,1
Color screens,1
Ink,1
Music diffusion models,1
Collaborative tools,1
SonAuto,1
Latent diffusion models,1
AI music generation,1
Controlled creativity,1
Full Text Search,1
Scale,1
Code search,1
The Postgres Full Text Search,1
Algorithms,1
Pair programming,1
Claude 3 Opus,1
Git repository,1
Code editing,1
Non-Proton addresses,1
ProtonMail,1
Google Workspaces,1
Encrypted emails,1
Google Workspace,1
Email encryption,1
Distribute,1
Merge,1
Sublicense,1
Permission,1
Sales,1
Software Engineers,1
Spider problem,1
Bribery,1
Van Thinh Phat,1
Banking rules,1
Property development,1
Corruption,1
State-sponsored,1
Mercenary,1
Influence,1
Elections,1
Attacks,1
PhD,1
Electrical engineering,1
Sensor,1
Pyqtgraph,1
Engineer,1
Devin,1
Controversy,1
Accurate information,1
Redirection,1
Wikipedia,1
Government,1
Telepoint,1
Origins,1
Energy monitoring,1
System integration,1
Home automation,1
driver,1
PP,1
Finances,1
Signing off,1
AMA,1
Q&A,1
Apology,1
Host,1
POST,1
Google Drive,1
Google's SDK,1
Spreadsheet,1
DELETE,1
Real-time API,1
Ad revenue,1
California Journalism Preservation Act,1
Google News Showcase,1
Computer,1
Cyberdeck,1
Backup device,1
Squarespace,1
Unique design,1
AI development,1
Token generation,1
Responsibility,1
Ethics,1
User profile,1
Paywalls,1
Blocked,1
Repository,1
Chrome,1
Career changes,1
Steam releases,1
Indie games,1
OpenSSH server process,1
Linux distributions,1
Remote code execution,1
XZ compression,1
Founders,1
Company building,1
Product-market fit,1
Archetypes,1
Immersion program,1
PMF,1
Stanford Law School,1
Paid prioritization,1
ISPs,1
Mobile internet,1
Net neutrality,1
The Center for Internet and Society,1
Anxiety,1
Doctor,1
Depression,1
Treasury,1
Harvard,1
Inflation rate,1
Expert views,1
Subjective formula,1
the International Monetary Fund,1
Borrowing costs,1
Economic skepticism,1
HypoPG,1
Indexing,1
Execution statistics,1
Accomplishments,1
Surviving family members,1
Relationships,1
Obituary,1
Full life,1
Transactions,1
ACID,1
Acid compliance,1
Billing tricks,1
Congress,1
Nonprofit,1
Community benefit,1
Hospitals,1
‚Ä¢ Wayland,1
Craft,1
X11,1
‚Ä¢ X,1
KDE,1
‚Ä¢ BSD,1
‚Ä¢ Linux,1
‚Ä¢ KDE,1
‚Ä¢ Kate,1
‚Ä¢ Windows,1
GPT integration,1
Cleaning,1
Substack,1
Blog automation,1
Cats,1
CloudWatch,1
AWS Web Application Firewall,1
Grooming,1
Load balancer,1
WireViz,1
Harnesses,1
Graphical output,1
GraphViz,1
Wiring,1
Attention,1
Mechanisms,1
Focus,1
Color,1
Artworks,1
Ray tracing,1
Autonomous robots,1
Photonic crystals,1
Lasers,1
Staff reduction,1
Job cuts,1
Restructuring,1
Databases,1
Serving,1
Halted,1
Days,1
Deliveries,1
Neon,1
Cognition,1
Functional magnetic resonance imaging (fMRI),1
Activity,1
Lenire,1
Electrical stimulation,1
Tinnitus,1
Relief,1
White-collar crime,1
Theft,1
PuTTY,1
ECDSA,1
Private keys,1
NIST P curve,1
Oversight,1
the Citrus County Sheriff's Office of misconduct,1
Citrus County,1
Florida,1
Ramanujan,1
Formulas,1
Notebook,1
Discoveries,1
Proofs,1
Telegram,1
Criminals,1
SIM swap,1
Employee data,1
SIM,1
Area codes,1
Torrent,1
Multimedia players,1
On-demand download,1
Filesystem,1
Mount,1
Justice Department,1
Entertainment industry,1
Live Nation,1
Web standards,1
Fast web framework,1
Contributions welcome,1
Navigation,1
Descent,1
Maintainers,1
Game running,1
Release,1
Outrage Entertainment,1
Media bias,1
NPR,1
Progressive,1
Reanalysis product,1
Historical weather data,1
TimescaleDB,1
Climate change,1
PostGIS,1
Supportive homes,1
Adulthood,1
Outcomes,1
the National Longitudinal Survey of Youth,1
Risk environments,1
Digital,1
Rewilding,1
Naturalization,1
Polynomial Time,1
Learning With Errors (LWE),1
the Learning With Errors,1
LWE,1
Satisfaction,1
Enjoyment,1
Process,1
Regression analysis,1
Data systems,1
the University of Pennsylvania,1
Disruptions,1
Cognitive,1
COVID-,1
Effects,1
Takeover,1
NSA (National Security Agency),1
NSA,1
Scams,1
Humane AI,1
Smartphone,1
Laser projector,1
Pirate Party,1
EU Child Protection Centre,1
the EU Child Sexual Abuse Regulation,1
Child sexual abuse,1
Confidentiality,1
EU regulation,1
Exemptions,1
Travertine,1
Hominin,1
Calcium carbonate,1
Fossils,1
Decorative flooring,1
Invention,1
Plumage,1
Evolution,1
Birds,1
Atlas,1
Hyundai,1
Electric,1
Boston Dynamics,1
Multilingual,1
Benchmarks,1
Workplace productivity,1
Highly capable employees,1
Untapped skilled workers,1
Overlooked individuals,1
Reliable workers,1
Event loop,1
Abstractions,1
Non-blocking IO,1
Timers,1
Illegal activities,1
Minors,1
Schools,1
Banning,1
Pgvector,1
Vector embeddings,1
Tooling options,1
Feature shrinkage,1
Knowledge compression,1
SQL logic,1
Nestle,1
Sugar,1
Low-income countries,1
Public Eye,1
Switzerland,1
Marketing,1
IBFAN,1
the International Baby Food Action Network,1
Middle-income countries,1
Quora,1
Speedup,1
Calculations,1
Exploit,1
LLL lattice reduction,1
LLL,1
Java Random object,1
SpawnMason,1
Location tracking,1
Minecraft,1
BloomTech,1
the Consumer Financial Protection Bureau,1
CFPB,1
Allred,1
Cyc,1
UI alignment,1
Google Maps,1
Element centering,1
Line-height,1
Font metrics,1
Design principles,1
Circuitry,1
Miniature,1
Scale model,1
Nintendo Wii,1
Microscale,1
Undersea cables,1
Repair ships,1
Tsunami,1
Fiber optic cables,1
Letter,1
Bedroom,1
White House,1
Reagan,1
Remastered,1
Halo,1
Xbox,1
HD,1
AI applications,1
Versions,1
Tuning,1
Meta Llama,1
Reputation management,1
Team dynamics,1
Problem-solving,1
Tricks,1
Difficulty,1
Calculus,1
TUS,1
Protocols,1
Supabase,1
RLS,1
Supabase Storage,1
Supabase S3,1
Row Level Security,1
Recall,1
Accelerator pedal,1
Intentionality,1
Philosophy of mind,1
Consciousness,1
Tufts University,1
Cognitive science,1
Free will,1
the Jean Nicod Prize,1
Quill,1
WYSIWYG editor,1
Management Science,1
Surnames,1
University of Michigan,1
U-M,1
Alphabetical sequence,1
Academic performance,1
Grading system,1
Face recognition,1
Image generation,1
Recurrent neural networks (RNNs),1
Convolutional neural networks (CNNs),1
Venture capital,1
Alternatives,1
Accelerator,1
Viral TikTok,1
Emoji domains,1
Email service,1
Japanese voice actor,1
Cyberspace,1
UML,1
Techniques,1
Quality assurance,1
UML diagrams,1
Development process,1
Interest,1
Passion,1
Low-bandwidth web applications,1
Customization options,1
Offline-first mapping,1
Tiny world map,1
Service worker functionality,1
Workspace,1
Applications,1
City Generation,1
Virtual Reality,1
D Modeling,1
VenCreations,1
Urban Landscape,1
Cartridges,1
Super Nintendo,1
Gaming,1
PUT,1
Cross-stitch,1
Pattern design,1
Embroidery,1
Shared solution,1
Self-hosted search engine,1
Machine-generated content,1
Personal RSS feed readers,1
Curated feed list,1
Discovery,1
Space,1
Open platform,1
Hardware makers,1
Metaverse,1
Meta Quest,1
Final,1
PSRayTracing,1
Keyword,1
Outsourcing,1
Animation,1
Sanctions,1
Engineering systems,1
Data transmission,1
Interstellar space,1
FDS,1
Relevant conversations,1
Automated manipulation,1
Platform content,1
Online security,1
Spam comments,1
Curiosity,1
Gadgets,1
Distraction,1
Publishing industry,1
Bestsellers,1
Celebrity authors,1
Book sales,1
Franchise authors,1
Production optimization,1
Framework agnostic,1
Franken UI,1
Prototyping,1
Components,1
Product features,1
Infinity Hardware,1
Stakeholders,1
Data security,1
Digital longevity,1
ID clarity,1
Character ambiguity,1
Visual confusion,1
Communication errors,1
Case sensitivity,1
Monitoring,1
Elderly,1
Robustness,1
Training data,1
Mixtral 8x7B,1
Chat format,1
Subgrid,1
CSS Grid,1
Safari Technology Preview,1
Firefox Nightly,1
Masonry layout,1
Responsive design,1
Excitement,1
Fun,1
Feedback,1
Image upsampler,1
Temporal consistency,1
U-Net,1
Aliasing artifacts,1
VSR,1
Super-resolution,1
VideoGigaGAN,1
Consistency,1
Set theory,1
Theorem prover,1
TTT,1
Quine,1
Type theory,1
Lifenthusiasts,1
Mailling lists,1
Conway's Life,1
Lifenthusiast,1
Forums,1
Japanese culture,1
Untranslatable language,1
Literary techniques,1
Language barrier,1
Advertising,1
Decline,1
Search queries,1
Google Search,1
CarPlay,1
Infotainment,1
Part,1
R,1
Consumer protection,1
Non-compete clauses,1
Online Communities,1
RP,1
OTA updates,1
Web server,1
mDNS,1
OTA,1
Remote control,1
HTTP requests,1
UART,1
ESP,1
MQTT,1
Object classification,1
CLIP,1
Neural networks,1
Semantic segmentation,1
CoreNet,1
Object detection,1
Planetary simulation,1
Astrophysics,1
Computer simulations,1
Jupiter modeling,1
Piet,1
Colors,1
Co-operative,1
Mondrag√≥n Corporation,1
Worker participation,1
Employee ownership,1
Basque Country,1
Divestment,1
ByteDance,1
Foreign aid,1
Training process,1
MoE MLP,1
the Snowflake AI Research Team,1
Arctic,1
Music preferences,1
Age and taste,1
Identity formation,1
Lifelong impact,1
Musical exploration,1
Toolchain,1
Low-level,1
Drag and drop,1
the Atlassian Design System,1
Assistive technology,1
Coming-of-age,1
Puberty,1
Race relations,1
Literary prodigy,1
South Carolina,1
Opioid,1
Pharmaceutical,1
Opioid-Related Consulting,1
McKinsey,1
Consulting,1
Security Lifecycle Management,1
Lifecycle Management,1
Infrastructure Automation,1
Multi-Cloud Environments,1
Infrastructure Lifecycle Management and Security Lifecycle Management,1
Refunds,1
Bags,1
Airline,1
Passengers,1
Delays,1
Transportation,1
Properties,1
Serialization,1
