id,keywords,date
39408288,"['Atom to Rust', 'Choices', 'Development', 'Vision', 'Technology', 'Zed']",20-02-2024
39409535,,20-02-2024
39409650,"['Language models', 'Vision models', 'Windows', 'GPU', 'Preview', 'Ollama']",20-02-2024
39409653,"['Construction', 'Canigou Group', 'Electricians', 'Solar farm', 'Renewable energy', 'Laborers']",20-02-2024
39413972,"['SQL', 'monolithic', 'structuresql', 'Ruby on Rails', 'schema migration', 'DevOps', 'Postgres', 'Gitlab', 'database neutrality', 'GitHub', 'open-source']",20-02-2024
39414532,"['Control vectors', 'Inference manipulation', 'Model interpretability', 'Safety applications', 'AI transparency']",20-02-2024
39415234,"['Literary award', 'Hugo Awards', 'Science fiction', 'China', 'Political considerations']",20-02-2024
39416543,"['Project', 'Ethica', 'Calendar', 'Learning', 'HypeScript', 'Smartwatch', 'Meeting']",20-02-2024
39416602,"['Hacking', 'Apple Watch', 'Privacy', 'Personal Information', 'Security']",20-02-2024
39417503,"['SQLite', 'Database', 'WebDAV', 'File system', 'Inspect']",20-02-2024
39418283,"['Modern features', 'Community contributions', 'Open-source reimplementation', 'Business simulator', 'Theme Hospital']",20-02-2024
39418386,"['Fee', 'Premium subscription', 'Industry standards', 'Spotify', 'Antitrust probe', 'Subscription', 'The European Commission']",20-02-2024
39418412,"['the Digital Markets Act', 'Compliance', 'Privacy', 'EU', 'Web apps', 'Apple']",20-02-2024
39420453,"['Debugging', 'Analysis', 'Development', 'Performance', 'Tools']",20-02-2024
39420769,"['American universities', 'Seminars', 'Cultural differences', 'College', 'Chinese students']",20-02-2024
39421090,"['Code editor', 'LSP', 'Remote connection', 'WASI', 'Rust', 'Open source']",20-02-2024
39423949,"['Google', 'Hacker News', 'SEO strategies', 'Platform growth', 'Personal insights', 'Google updates']",20-02-2024
39424688,"['Quality', 'Signal', 'Small platforms', 'Scams/spam/fraudulent content', 'Larger platforms', 'Trustworthiness']",20-02-2024
39426631,"['Spine', 'Visual editor', 'Android', 'API', 'Rendering features', 'Cross-platform', 'Game engine', 'The Castle Game Engine', 'Open source']",20-02-2024
39427876,"['Music streaming', 'User experience', 'Personalization', 'Piracy', 'Customization']",20-02-2024
39428409,"['Tab interface', 'UI', 'Proton UI', 'User experience (UX)', 'Browsing experience', 'UX', 'Firefox version']",20-02-2024
39428609,"['PostgreSQL', 'Extension', 'Integration', 'PRQL', 'C programming']",20-02-2024
39428880,"['GroqLabs', 'Natural language commands', 'Chatbots', 'AI', 'AI Lingo', 'Machine learning algorithms', 'Virtual assistants', 'AI language interface']",20-02-2024
39429370,"['VDOM', 'Interactive web interfaces', 'HTML microframework', 'Zero dependencies', 'Modular design', 'Real DOM interactions']",20-02-2024
39430095,"['Early stage', 'Tagrisso', 'Cancer treatment', 'Digital access', 'Progression slowing', 'The Financial Times']",20-02-2024
39432876,"['Task management', 'Productivity', 'Organization', 'Time management', 'College life']",20-02-2024
39433451,"['Google', 'Amazon', 'Rankings', 'Algorithm', 'Media publishers', 'Reviews']",20-02-2024
39435320,"['Machine learning', 'Algorithms', 'AI', 'Computer vision', 'Data sets', 'Artificial intelligence']",20-02-2024
39436358,"['Unwanted calls', 'Anti-spam', 'Voicemail', 'PBX', 'DTMF bomb', 'DTMF', 'IKEA']",20-02-2024
39438908,"['CPU-based rendering', 'GPU', 'Skia', 'GTK', 'GPU rendering', 'WPE', 'WebKit', 'CPU', 'Rendering', 'Graphics performance', 'PostScript']",21-02-2024
39439655,"['Disney World', 'WebAssembly', 'CSS', 'D mapping', 'JavaScript', 'HTML canvas', 'OpenStreetMap', 'Rust programming language']",21-02-2024
39440179,"['Alexa', 'Monolithic architecture', 'Postgres', 'Wave', 'CRUD', 'Scalability']",20-02-2024
39440808,"['Cargo', 'Buffer overflows', 'CVE-RS library', 'Segfaults', 'Memory safety', 'Rust programming language']",21-02-2024
39442273,"['Large scale scraping', 'Scraping techniques', 'Python libraries', 'Scrapy, Selenium', 'JavaScript', 'Web crawling', 'BeautifulSoup']",21-02-2024
39442429,"['Microsoft', 'cyber operations', 'AI', 'hackers', 'state-affiliated adversaries']",21-02-2024
39443679,"['Storage', 'SSD', 'Bandwidth', 'Interface', 'Performance']",21-02-2024
39443965,"['Language models', 'Manageable tokens', 'Tokenizer', 'Large Language Models', 'Textual representations', 'Efficient text processing']",21-02-2024
39444282,"['Programming languages', 'Constraint solving', 'Logic programming', 'Picat', 'Problem-solving', 'Computer science']",21-02-2024
39444500,"['Privacy', 'Signal', 'Beta', 'Security', 'Features']",21-02-2024
39446537,"['Solder pads', 'Multilayer boards', 'Off-the-shelf components', 'LED project', 'Circuit board design']",21-02-2024
39447041,"['Kagi HQ', 'Updates', 'Offerings', 'Discord', 'Discussions', 'Community']",21-02-2024
39449424,"['Modern materials', 'House design', 'Family input', 'Customization', 'Cost breakdown']",23-02-2024
39449748,"['tensions', 'electric vehicles', 'Japan', 'US-China', 'chip-making', 'artificial intelligence', 'Rapidus Corp.', 'industry', 'technology', 'G']",23-02-2024
39450669,"['AI', 'ChatGPT', 'Transparency', 'Interpretability', 'AI Technology']",23-02-2024
39452494,"['Security research', 'Flipper Zero', 'Innovation', 'Economic growth', 'Tools']",23-02-2024
39453271,"['Models', 'Google', 'Google DeepMind', 'Development', 'AI', 'Responsible', 'Technology']",23-02-2024
39453660,"['Elliptic Curve', 'iMessage', 'Post-quantum', 'quantum', 'Verification', 'Cryptographic', 'Messaging', 'Security', 'Apple']",23-02-2024
39457875,"['David Parnas', 'Software engineering', 'Extensibility', 'Parnas', 'Modularity', 'Code isolation']",24-02-2024
39457974,,24-02-2024
39458264,"['Google', 'AI models', 'AI', 'Video input', 'Gemini Pro', 'Book identification', 'Token context size']",24-02-2024
39460148,"['Backup', 'Multi-machine', 'History', 'Synchronize', 'Search']",24-02-2024
39462087,"['User experience', 'Bug', 'ChatGPT', 'Optimization', 'Language model']",24-02-2024
39462516,"['List', 'Incomplete', 'Public offering', 'Rocket Lab', 'Frustrating']",24-02-2024
39465230,"['NASA', 'Intuitive Machines', 'Data transmission', 'Odysseus', 'Lunar lander', 'Nova-C', 'Performance excellence', 'NASA missions']",24-02-2024
39465250,"['Google', 'Gemini AI', 'racial bias', 'AI', 'image generator', 'historical accuracy']",24-02-2024
39465485,"['Activity', 'Coding', 'Lego', 'Play', 'Unplugged', 'Children']",24-02-2024
39465517,"['Cellular outage', 'AT&T users', 'Emergency services', 'Disruptions', 'Calls', 'AT&T']",24-02-2024
39466630,"['Multi-subject prompts', 'Transformer', 'Image generation', 'Diffusion', 'Safeguards']",24-02-2024
39467132,"['Content management', 'Developer tools', 'GitHub integration', 'Flat-file CMSes', 'GitHub', 'CMS', 'Media management', 'CMSes']",24-02-2024
39467885,"['Java', 'Data Analysis', 'Performance', 'Algorithm', 'Computation', 'CPU']",24-02-2024
39470381,"['UDC', 'PSF', 'NVRAM', 'ACPI', 'TPM', 'USB', 'PMC', 'Linux', 'BIOS/UEFI', 'Emulation', 'ThinkPad', 'IOSF', 'P2SB', 'Laptop', 'PCH', 'Firmware', 'Boot Guard']",26-02-2024
39471116,"['Data hosting', 'Interconnected services', 'User choice', 'Federated model']",26-02-2024
39471221,"['Web development', 'Performance', 'Bloat', 'Code size', 'JavaScript', 'GitLab']",26-02-2024
39471388,,26-02-2024
39471568,"['Stock price', 'Super Bowl', 'Layoffs', 'Employees', 'Challenges', 'Paramount', 'Profits']",26-02-2024
39472693,,26-02-2024
39474467,"['fal.ai', 'SDXL', 'Speed', 'Demonstration', 'Capabilities', 'API']",26-02-2024
39474909,"['Intuitive Machines', 'Falcon', 'Nasa']",26-02-2024
39476074,"['Website', 'Disbelief', 'Vice', 'Shutdown', 'Shock']",26-02-2024
39476304,"['Smart vending machines', 'Facial recognition', 'Privacy concerns', 'University campus', 'the University of Waterloo', 'Technology']",26-02-2024
39478551,"['Oodle Data compression', 'Hardware issue', 'System instability', 'BIOS', 'RAD Game Tools', 'Oodle Data', 'CineBench', 'Intel processors', 'Unreal Engine', 'RealBench', 'Intel']",26-02-2024
39479001,"['Online verification', 'Phishing', 'Scams', 'Australia Post', 'Parcel delivery', 'SMS']",26-02-2024
39479478,"['Transformers', 'Transformer', 'Optimization', 'Search dynamics', 'Searchformer', 'Decision-making', 'Sokoban', 'Planning']",26-02-2024
39480407,"['Sirius', 'Martti Malmi', 'Personal information', 'Satoshi Nakamoto', 'Trial', 'Email correspondence']",26-02-2024
39481554,"['Google', 'Inference', 'C++ inference engine', 'Minimal dependencies', 'Google's Open Source Community Guidelines', 'Research', 'Gemma']",26-02-2024
39481670,"['Google', 'Model', 'Industries', 'Novels', 'AI', 'Context window size', 'Gemini Pro 1.5']",26-02-2024
39483482,"['Home automation', 'Machine learning', 'Navigation', 'Discord', 'GitHub', 'Robotics', 'Ok-Robot', 'Modular framework']",26-02-2024
39486717,"['Accuracy', 'Efficiency', 'Software development', 'TestGen-LLM', 'Meta', 'AI', 'Automation']",27-02-2024
39487124,"['a Low-Rank Adaptation', 'Surface normals', 'Depth perception', 'Autoregressive', 'Intrinsic representations', 'INTRINSIC', 'Diffusion', 'Image synthesis', 'Generative models']",27-02-2024
39487341,"['Workplace platform', 'AI', 'Pretending to be a bot', 'Active account', 'Slack', 'Identity masking']",27-02-2024
39488668,"['SQL', 'GPT', 'Language models', 'ChatGPT', 'Text generation', 'GPT model']",27-02-2024
39488836,"['User experience', 'Scroll', 'Header', 'Tables', 'Disappears', 'CSS']",27-02-2024
39489920,"['Dragon themes', 'Power metal', 'Lyrics analysis', 'Clean vocals', 'Speed metal']",27-02-2024
39491863,"['Preservation', 'Shirky principle', 'Institutions', 'Problem-solving', 'Lobbying']",27-02-2024
39493770,,27-02-2024
39494925,"['Organization', 'Documentation', 'Architecture', 'Codebase', 'Contributors']",27-02-2024
39498345,"['Global', 'Record', 'Warming', 'NOAA', 'Temperature', 'Heat', 'Copernicus']",27-02-2024
39499207,"['Language models', 'Mitigation', 'Inconsistencies', 'LLM', 'Hallucination', 'Computable functions']",27-02-2024
39501061,"['Marginalia Search', 'Keyword Handling', 'Upgrades', 'Search Engine', 'Indexed Documents']",27-02-2024
39501073,"['Soldering', 'Electronics manufacturing', 'Boardview', 'Boardscans', 'PCB assembly']",27-02-2024
39501281,,27-02-2024
39501982,"['Transformers', 'Attention Mechanism', 'linear', 'Language Modeling', 'AI', 'State Space Models (SSMs)', 'Mamba', 'State Space Models']",27-02-2024
39502276,"['Consumption', 'Coroutines', 'Pipes', 'Program structure', 'Data production']",27-02-2024
39504715,"['FAQ', 'Free static website hosting', 'Alternative to social media', 'Donation-based model', 'Ad-free platform', 'Community engagement']",27-02-2024
39504981,"['Wage theft', 'Chinese factories', 'Worker abuse', 'Captivity', 'North Korean workers']",27-02-2024
39508046,"['Scarcity', 'Entrepreneurs', 'Growth opportunities', 'Technology', 'Domain names']",28-02-2024
39508257,"['Browser choice', 'EU', 'Essential features', 'iOS devices', 'EU users', 'Misleading users', 'Geofencing', 'App Store', 'Web apps', 'Data loss', 'Apple']",27-02-2024
39509379,"['Creative Commons', 'Attribution', 'Licensing', 'Comics', 'NonCommercial']",27-02-2024
39509983,,27-02-2024
39510147,,27-02-2024
39511477,"['Scalable', 'Mistral', 'Language model', 'Mistral Large', 'Reasoning capacities', 'Developers', 'Benchmarks', 'API']",27-02-2024
39511530,"['Regulators', 'AI start-up', 'Partnership', 'Tech giant', 'Financial Times']",27-02-2024
39511676,"['Data Exploration', 'SQL', 'Data Visualization', 'Scalability', 'No-code Builder', 'SQL Database']",27-02-2024
39511714,['IdeaIndex'],27-02-2024
39512332,"['Wind', 'Seaplane', 'Rescue', 'Mast', 'Gallantry']",27-02-2024
39512896,"['Policy', 'CloudTrail', 'a VPC Endpoint', 'AccessDenied', 'VPC Endpoint', 'the VPC Endpoint', 'S', 'AWS', 'IAM', 'Bucket']",27-02-2024
39512912,"['Language pair optimization', 'AI translation', 'YouTube video translation', 'YouTube', 'Voice preservation', 'Multilingual dubbing']",28-02-2024
39516007,"['CostQuest', 'Maps', 'Data', 'The Federal Communications Commission', 'Broadband', 'Availability', 'FCC']",28-02-2024
39516927,"['Financial Aid', 'Donation', 'Tuition', 'Albert Einstein College of Medicine', 'Students', 'Einstein College']",27-02-2024
39517145,"['Flavor', 'Texas', 'Breeding', 'Spiciness', 'Jalape\u00f1os']",28-02-2024
39519894,"['Real-time applications', 'Open-source', 'Rapier', 'Cross-platform determinism', 'GitHub', 'Physics engines', 'Robotics', 'Dimforge']",28-02-2024
39520776,,27-02-2024
39522249,,28-02-2024
39522348,"['Development', 'Software', 'MIT', 'Email', 'EmailEngine', 'Open-source', 'AGPL', 'Licenses', 'BSD']",28-02-2024
39522734,"['Analysis', 'Decision-making', 'Problem-solving', 'Overanalysis', 'Strategies']",29-02-2024
39522798,,29-02-2024
39523403,"['Starship', 'Failure', 'Regulation', 'FAA', 'The Federal Aviation Administration', 'SpaceX', 'Launch']",29-02-2024
39523495,"['Complexity', 'Global', 'Ants', 'Societies', 'Conflicts']",28-02-2024
39523813,"['Boeing', 'FAA', 'The Federal Aviation Administration', 'Safety culture', 'Safety protocols', 'Technology advancements', 'Regulations', 'Aviation industry']",28-02-2024
39524164,"['Green spaces', 'Heatwave', 'Urban areas', 'Temperature', 'Cooling effects']",28-02-2024
39525243,"['CATOBAR', 'Hydraulics', 'Carrier suitability testing', 'Tailhook', 'Lakehurst NAS', 'CATOBAR aircraft carriers', 'the US Navy', 'F-C']",28-02-2024
39526057,"['Forces', 'Flight', 'Aerodynamics', 'Flow', 'Airfoil']",28-02-2024
39528134,"['Reference ID', 'Robot detection', 'JavaScript support', 'Cookies', 'Confirmation']",28-02-2024
39528726,"['SuperTux', 'Jump'n'run', 'Tux and Penny', 'GitHub', 'Mario Bros', 'Game development', 'the Super Mario Bros.', 'Penny', 'Source code']",29-02-2024
39529775,"['Terminology (eg trace, span, log line)', 'Open Telemetry', 'Observability', 'Confusion', 'Honeycomb', 'Tech industry']",29-02-2024
39530113,"['\u2022 MS-DOS', 'MS', 'the Sierra On-Line', 'MS-DOS', '\u2022 Assembly language', '\u2022 Debugger tool', 'EXEC', '\u2022 Disassembly command', 'DOS']",28-02-2024
39530203,"['Yuzu', 'Piracy', 'the Digital Millennium Copyright Act', 'Emulator', 'Nintendo Switch', 'Yuzu's Patreon', 'Copyright', 'Nintendo']",28-02-2024
39530487,,28-02-2024
39531536,"['Containerization', 'Docker', 'Testing', 'Automation', 'Simplification']",03-03-2024
39532367,"['AI models', 'RecurseChat', 'ChatGPT', 'User interface', 'AI', 'Offline capabilities']",03-03-2024
39532650,"['Community collaboration', 'Alternative Linux distribution', 'IRC', 'GoboLinux', 'Centralized package database', 'Live environment', 'Organized programs']",01-03-2024
39532754,"['Cloud computing', 'Serverless services', 'Deployment mistakes', 'Financial risks', 'Technology horror stories', 'Firebase']",01-03-2024
39534574,"['DirectX', 'Grayscale', 'Thermal vision', 'LUTs', 'Unity', 'Colorization', 'WebGL']",03-03-2024
39534937,"['Layout', 'CSS', 'Formalisms', 'Display property', 'Rules']",01-03-2024
39535800,"['Language models', 'Cost-effective', 'Efficiency', 'Performance', 'Transformer LLM', 'Computation']",03-03-2024
39535969,"['Linux', 'Reliable', 'HTTP', 'Programmable', 'Unix', 'Rust', 'the Apache License', 'Fast']",01-03-2024
39537448,"['Algebraic structures', 'Extensibility', 'Symbolic mathematics', 'Python library', 'Computer algebra system']",01-03-2024
39537543,"['Browsing data', 'User privacy', 'Encryption', 'Firefox', 'Syncing']",03-03-2024
39538425,"['Advanced life', 'Signals detection', 'Exoplanet', 'Interstellar communication', 'Communication relays']",03-03-2024
39538670,"['Geometric Algebra (GA)', 'AI', 'Euclidean PGA', 'Euclidean PGA (EPGA)', 'GlTF', 'PGA', 'Machine Learning', 'Computer Graphics', 'GA', 'EPGA']",03-03-2024
39538800,"['Spacecraft', 'Varda Space Industries'', 'Reusable', 'Commercial', 'Landing', 'W-1', 'Technology', 'the Utah Test and Training Range']",03-03-2024
39539252,"['pql', 'SQL', 'Unix philosophy', 'Query development', 'Go programming language', 'Microsoft', 'GitHub', 'Pipelined query language']",01-03-2024
39540738,"['Geolocation', 'Smartphones', 'GPS', 'Grindr', 'GPS data', 'National security']",01-03-2024
39540886,"['MCU', 'Hardware Abstraction Layer (HAL)', 'Abstraction layer', 'Discord', 'STMicroelectronics', 'Microcontrollers (MCUs)', 'Open-source', 'RaspberryPi Foundation', 'MicroZig']",01-03-2024
39543291,"['Linux', 'Phoronix Premium', 'Hardware support', 'Performance', 'Graphics drivers', 'Phoronix.com', 'Benchmarking']",03-03-2024
39544286,"['Freedom', 'Development', 'Play', 'Risk', 'Safety']",03-03-2024
39544498,"['Dialect', 'Accent', 'Vocabulary', 'Antarctic English', 'Pronunciation']",03-03-2024
39545676,"['Social engineering', 'Malicious code', 'Native solutions', 'Runtime context', 'Repositories', 'Prioritization', 'GitHub', 'Remediation', 'Code analysis', 'Third-party tools', 'Visibility', 'Security signals']",01-03-2024
39547109,"['Polypropylene (PP)', 'Heinz', 'Shear-thinning property', 'Recyclable materials', 'Non-destructive testing', 'Industrial CT']",01-03-2024
39547940,,02-03-2024
39548088,"['Desktop environment', 'Performance', 'Qt', 'Wayland', 'Plasma 6', 'KDE Frameworks 6', 'KDE', 'KDE Gear 24.02', 'Plasma 5', 'Security']",03-03-2024
39548410,"['Roff formatting', 'HTTP content negotiation', 'HTTP', 'Linux manual pages', 'Blog posts', 'Format selection']",03-03-2024
39549194,"['Fitness monitoring', 'Distance-based activities', 'Customized system', 'Workout tracking', 'Running, walking, cycling']",01-03-2024
39549486,"['Inheritance', 'Best practices', 'C++', 'Legacy code', 'Maintenance']",03-03-2024
39551064,"['Data sources', 'Self-serve', 'Spreadsheet', 'Analytics', 'Big data']",01-03-2024
39554539,"['Test suites', 'QA', 'Bug fixing', 'Billing', 'Subscribers', 'SRE']",03-03-2024
39557188,"['AI-generated titles', 'AI', 'Strucbot', 'Conversations', 'Search tools', 'Thread-first approach', 'Summaries', 'Free trial', 'Slack and Discord', 'Real-time feed organization']",04-03-2024
39559281,"['JPEG XL', 'RAM', 'NASA', 'Memory', 'Lossless', 'Speed', 'Compression']",04-03-2024
39559318,"['HDMI', 'AMD', 'the HDMI Forum', 'Implementation', 'Licensing', 'Restrictions', 'Open source']",04-03-2024
39559411,"['Research', 'Computing', 'Open Access', 'CACM', 'ACM', 'Publication', 'Community']",04-03-2024
39559966,,04-03-2024
39560033,"['Server infrastructure', 'Upgrade', 'Migration', 'Xenobroom Inc.', 'Kubernetes', 'VPS', 'Dependencies']",04-03-2024
39560705,"['Geoff', 'Content quality', 'Website sale', 'Direction change', 'Online presence', 'CSS-Tricks', 'Community staff']",04-03-2024
39560862,"['Least time', 'Optimization', 'Conservation laws', 'Noether's principle', 'q\u00cb\u0099,t', 'Action']",04-03-2024
39560887,"['IGS', 'PGM', 'Taiwanese region variants', 'MAME', 'MAME database', 'Martial Masters', 'Arcade games', 'Retro gaming']",04-03-2024
39561021,"['COO', 'Spy', 'Identity', 'Wirecard', 'Marsalek', 'ZDF', 'Fraud']",04-03-2024
39561356,"['Bike trailer', 'Sustainability', 'COVID-19', 'Road safety', 'Community cleanup', 'Metal debris']",04-03-2024
39562467,"['the Open Source Technology Improvement Fund', 'HSTS', 'Fuzzing', 'Code Review', 'WebSocket', 'Threat Modeling', 'Line Coverage', 'Security']",04-03-2024
39562530,"['Growth rate', 'Heartwood', 'Stability', 'Longevity', 'Durability']",04-03-2024
39562760,"['Pilot', 'Workweek', 'Benefits', 'Efficiency', 'Job satisfaction']",04-03-2024
39562986,"['Frontend', 'Development', 'INTERNS', 'a Remote Frontend Developer', 'VISA', 'Remote', 'Internship', 'ONSITE', 'Visa']",04-03-2024
39563618,"['Progressive Web Apps', 'Security and privacy', 'EU', 'Home Screen', 'the European Union', 'Home Screen web apps', 'European Union', 'iOS', 'Apple']",04-03-2024
39564632,"['Optimization', 'Database', 'caching', 'Browsing', 'Certifications', 'Cloud', 'Online', 'Resources', 'Web', 'Learning', 'Tutorials', 'Courses', 'Books']",04-03-2024
39566732,"['Python', 'RESTful architecture', 'TypeScript', 'FastUI', 'Declarative coding', 'GitHub']",04-03-2024
39566766,"['WhatsApp', 'Malware', 'WeChat', 'NSO Group', 'the Israeli Ministry of Defense', 'Pegasus', 'NSO Group's Pegasus', 'iMessage, Skype', 'Surveillance']",04-03-2024
39567597,,04-03-2024
39568728,"['Newsletter', 'Zine', 'Comics', 'Subscription', 'Saturday']",04-03-2024
39570692,"['Google', 'Privacy', 'Photos', 'Sharing', 'Security', 'Apple', 'Encryption']",04-03-2024
39571308,"['User experience', 'the Minimal Viable Product', 'MVP', 'NWS', 'the National Weather Service', 'Communication', 'Forecasting', 'Website redesign', 'Weather.gov', 'Weather']",04-03-2024
39572858,"['Server', 'Bash', 'Parsing', 'Data manipulation', 'Minecraft']",04-03-2024
39573093,"['Listening experience', 'Music box', 'Instrumental', 'iPhone', 'Melodies', 'iPad', 'Technology', 'AU/VST/AAX', 'The Wintergatan Music Box']",04-03-2024
39575803,"['Rental pricing', 'FTC', 'Collusion', 'Antitrust', 'Pricing algorithms', 'the Federal Trade Commission', 'Legal resources', 'the Department of Justice']",04-03-2024
39576974,"['Secrecy', 'SoundThinking', 'Law enforcement', 'Acoustic sensors', 'The Albuquerque Police Department', 'Surveillance technology', 'Gunfire detection', 'ShotSpotter']",04-03-2024
39577878,"['Intermediate representations', 'Parallelization', 'LLVM', 'Optimizations', 'Programming language implementation', 'Compilers', 'CS 6120', 'Cornell University', 'IR']",04-03-2024
39578501,"['Go', 'Optimization', 'Performance', 'Standard library', 'Profiler']",04-03-2024
39581664,,05-03-2024
39581976,"['Complexity', 'Abstraction', 'Deploys', 'Availability', 'Kubernetes']",05-03-2024
39582745,"['Abstraction', 'Observable Framework', 'Presentation', 'Data', 'Visualization', 'Interactive']",05-03-2024
39583473,"['Blockchain', 'Privacy', 'Supply chain management', 'Data security', 'Healthcare']",05-03-2024
39584654,"['Printing', 'Forms', 'HTML', '@page rule', 'CSS']",04-03-2024
39585207,"['Illustration', 'Anatomy', 'Field guides', 'Damstra', 'Butterflies', 'Identification']",05-03-2024
39586828,"['Motion blur', 'Simulation', 'Perception', 'Video', 'Cone response']",05-03-2024
39587344,"['Breach of contract', 'GPL', 'Entr'Ouvert', 'the Court of Appeal', 'Lasso software', 'Copyright infringement']",05-03-2024
39589483,,05-03-2024
39589924,"['Design', 'MacBook Air', 'Performance', 'M chip', 'Availability', 'AI', 'Apple']",05-03-2024
39590666,"['AI models', 'Cognitive tasks', 'Haiku', 'Benchmarks', 'Intelligence', 'Claude']",05-03-2024
39591529,"['Location weather details', 'Object planning', 'Observation planning', 'D visualization', 'Sky navigation', 'SkySafari']",05-03-2024
39592444,"['Programming languages', 'Data', 'Dependencies', 'Software engineering', 'Graphs']",05-03-2024
39592689,"['Licensing', 'AMD', 'EULA', 'Restriction', 'Platform', 'GPU', 'CUDA', 'Agreement', 'ZLUDA', 'SDK', 'Nvidia', 'Intel']",05-03-2024
39593256,"['Machine learning', 'Mobile devices', 'Deep learning', 'Signal processing', 'Audio processing']",05-03-2024
39593647,,05-03-2024
39597030,"['Desktop environment', 'Open-source', 'Extensible', 'jQuery', 'Browser-based', 'JavaScript', 'DOM', 'API']",05-03-2024
39597131,"['Medical Condition', 'Organization', 'Incident Management', 'Solutions', 'Focus']",05-03-2024
39598189,"['Distraction', 'Driving', 'Controls', 'Safety', 'Euro NCAP', 'Regulations']",05-03-2024
39598903,"['Startup financing', 'Negotiation terms', 'Acquisition deals', 'Paddy Power Betfair', 'FanDuel', 'Liquidation preferences', 'Investor rights']",05-03-2024
39599958,"['Spelling capabilities', 'Diffusion Transformer', 'Multimodal Diffusion Transformer', 'Typography', 'Multimodal', 'Stable Diffusion 3', 'Text-to-image generation']",05-03-2024
39600810,"['Plants', 'Virtual reality', 'Interactive platform', 'Flowers', 'Nature exploration']",05-03-2024
39601538,"['Adventure', 'Railcard', 'First-class travel', 'Digital nomad', 'Train travel']",05-03-2024
39602417,"['Ideology', 'Decision making', 'EU', 'European Union', 'Labor unions', 'the European Union', 'Management']",05-03-2024
39603087,"['Rich text editing', 'Attributes', 'TextView', 'TextKit', 'Apple', 'NSAttributedString']",06-03-2024
39604590,"['Meta', 'Meta platform', 'WhatsApp Business API', 'Status updates', 'Business products', 'Outages', 'Availability']",08-03-2024
39604600,"['Princeton University', 'Flocking', 'Elliptic curves', 'Mathematics', 'the Institute for Advanced Study', 'Fermat', 'Patterns', 'the Clay Mathematics Institute', 'Artificial intelligence', 'Quanta Magazine Contributing Writer']",08-03-2024
39604745,"['AMD', 'GPU', 'CUDA', 'RealityCapture', 'ZLUDA', 'FAQs', 'Arnold', 'ZLUDA GitHub', 'Intel', 'NVIDIA']",05-03-2024
39606048,"['Tracking', 'Personal blogs', 'Websites', 'Wolfram|Alpha', 'AI', 'Advertising', 'Data processing', 'Kagi', 'Reliability', 'Accuracy', 'AI-generated answers', 'User expectations']",08-03-2024
39606464,"['Technical support ending', 'Windows Subsystem', 'Android apps on Windows', 'Android', 'Windows Subsystem for Android (WSA)', 'Amazon Appstore compatibility', 'Developer requirements', 'Amazon', 'Microsoft', 'WSA']",06-03-2024
39606885,"['Graph algorithms', 'Datalog', 'Imperative programming', 'Declarative programming', 'Graph representation']",06-03-2024
39609336,"['Certificate pinning', 'Meta', 'TLS', 'Network debugging', 'Self-signed certificates', 'Endpoint security']",06-03-2024
39609997,"['Multimodal models', 'Hardware quality', 'Compute power', 'Model training', 'Cluster leasing']",08-03-2024
39611484,"['General intelligence (AGI)', 'Elon Musk', 'OpenAI', 'Artificial intelligence (AI)', 'Fundraising']",08-03-2024
39612443,"['Employee dedication', 'Compromise vs principles', 'Work culture', 'Speed vs quality', 'Remote work']",08-03-2024
39614433,"['Intuitive syntax', 'Productivity', 'Programming language', 'Dada', 'Readability', 'WIP']",08-03-2024
39615715,"['Printing', 'iPhone', 'iMessage', 'Browsing', 'Insights', 'History']",08-03-2024
39618673,"['Epic Games', 'DMA', 'the Digital Markets Act', 'Fortnite', 'EU', 'Apple', 'Epic', 'Developer account', 'App Store', 'Epic Games'']",08-03-2024
39618822,"['FDA', 'The U.S. Food and Drug Administration', 'Over-the-counter device', 'CGM', 'Continuous glucose monitoring', 'Glucose monitor', 'FDA clearance', 'Health equity']",08-03-2024
39619041,"['Airtable', 'Startup', 'Growth', 'Internal tooling', 'Acquisition', 'Morale']",08-03-2024
39620060,"['Ownership changes', 'Periodic checks', 'Security alerts', 'User protection', 'Chrome extensions']",08-03-2024
39620540,"['Executables', 'Images', 'Compilation', 'Containers', 'Containerization']",08-03-2024
39622787,"['Senate', 'NTSB', 'Failure', 'The National Transportation Safety Board', 'Investigation', 'Documents', 'Boeing', 'Alaska Airlines', 'Safety']",08-03-2024
39623128,"['Cost savings', 'Bob Cassette', 'Simplicity', 'Detergent cartridge', 'Recyclability']",08-03-2024
39624842,"['Communication', 'Meeting', 'Leadership', 'Strategy', 'Continuous improvement']",08-03-2024
39625919,"['RED', 'Digital cinema cameras', 'Acquisition', 'Nikon', 'Professional filmmaking']",08-03-2024
39626657,"['Game creation', 'There\u00e2\u0080\u0099s', 'Downpour (the game creation tool)', 'Creative tools', 'Technological innovation', 'Interactive games', 'Downpour']",10-03-2024
39627443,"['Offshore', 'systemThe European Space Agency\u2019s', 'Imagery', 'Energy', 'Seaborne', 'Radar']",10-03-2024
39628285,"['I\u2019d', 'Visual programming language', 'Interactive examples', 'Open-source', 'VSCode', 'Node.js', 'AI', 'Abstraction', 'Online playground']",10-03-2024
39628842,"['Trade secrets', 'Espionage', 'National security', 'Google', 'Artificial intelligence', 'Technology theft']",08-03-2024
39629004,"['Asphyxiation', 'Lungs', 'Microbes', 'Cystic fibrosis', 'Trikafta', 'Treatment']",10-03-2024
39629044,"['Marijn Haverbeke', 'JavaScript', 'Programming', 'Digital world', 'Eloquent']",08-03-2024
39629225,"['Atmosphere sterilization', 'Flare stars', 'Cassini state', 'Tidally-locked planets', 'Resilience against runaway glaciation']",10-03-2024
39630985,"['Link storage', 'Cloudflare', 'Malware', 'Security', 'URL analysis', 'Hybrid Analysis', 'Intelligence gathering']",08-03-2024
39631139,"['NATO', 'Sweden', 'Accession', 'the North Atlantic Treaty Organization', 'Membership', 'Collective defense']",08-03-2024
39631516,"['Eye', 'Language modeling', 'Open source', 'Data sets', 'Pile BPB', 'Reasoning ability', 'Pile', 'World knowledge']",08-03-2024
39633172,['Intel'],10-03-2024
39635483,"['Collaboration', 'QLoRA', 'Training', 'GPUs', 'R&D', 'AI']",08-03-2024
39635743,"['Pirate archivism', 'Library Genesis', 'Anna\u2019s Archive', 'Cultural heritage', 'Copyright enforcement', 'the Pirate Library Mirror', 'Digital preservation', 'Knowledge loss']",10-03-2024
39636470,"['Input fields', 'User experience', 'Blocking websites', 'Tab visibility', 'Paste extension']",08-03-2024
39637471,,08-03-2024
39637487,"['Camera', 'Technique', 'Easing', 'Animation', 'Graphics', 'UI']",08-03-2024
39638836,,10-03-2024
39639125,"['Channel Islands', 'Settle & Carlisle', 'Worldwide', 'data protection & privacy', 'Trans-Siberian Railway', 'Belfast & Northern Ireland', 'train & ferry Select', 'Dublin & Ireland', 'Southampton-New York', 'Train travel', 'Europe', 'Fares', 'Tips & advice', 'Caledonian Sleeper London']",10-03-2024
39640992,"['C&W', 'Antigua & Barbuda', 'andUntil', 'Technology', 'Linux', 'Home lab', 'Networking', 'Servers', 'Engineer with Cable & Wireless']",09-03-2024
39641113,,10-03-2024
39642920,,10-03-2024
39643136,"['NATS', 'Postgres', 'Observability', 'DAG', 'Redis', 'Task queue', 'Distributed system', 'Reliability']",09-03-2024
39643833,"['The Securities and Exchange Commission', 'SEC filings', 'Investment analysis', 'SEC', 'Transparency', 'I&#x27;ve', 'F forms', 'Open-source project']",10-03-2024
39643958,"['Education', 'Technology', 'Music', 'Accessibility', 'GitHub', 'Piano']",10-03-2024
39643981,"['Epic Games', 'EU', 'the European Commission', 'DMA', 'Developer account', 'the European Commision', 'Epic', 'Apple', 'European Union', 'FreeFortnite', 'App Store', 'Fortnite']",09-03-2024
39647105,,10-03-2024
39647331,"['SPARC', 'CFS', 'Commonwealth Fusion Systems', 'Plasma Science and Fusion Center', 'MIT News', 'Champagne', 'Fusion', 'Superconducting', 'Technology', 'Magnets', 'PSFC', 'Applied Superconductivity', 'Power plant', 'IEEE Transactions', 'MIT']",10-03-2024
39650498,"['Product Security', 'Apple', 'Certificate', 'Security', 'macOS', 'TLS', 'CA']",10-03-2024
39651796,"['Monodraw', 'Text-based art', 'SVG', 'Crow's Foot notation', 'ER', 'Diagrams', 'Text banners', 'Data structure visualization', 'Flow charts', 'PNG', 'Algorithm visualization', 'Font customization', 'Entity-relationship diagrams', 'FIGlet', 'Layouts']",10-03-2024
39653718,"['Git collaboration', 'API', 'Postman, Insomnia', 'Offline-only', 'Bruno', 'Data privacy', 'API client']",10-03-2024
39656455,,12-03-2024
39656657,"['API', 'Shallow modules', 'Amazon S3', 'SAP', 'Filesystem', 'Deep modules', 'DevOps', 'YAML', 'Amazon Cloud Filesystem', 'Cloud technology']",12-03-2024
39656899,,12-03-2024
39660592,"['MongoDB', 'Administrators', 'Client', 'Multi-platform', 'BigTable', 'Database', 'Commercial', 'Datasources', 'ScyllaDB', 'Couchbase', 'DynamoDB', 'Tool', 'GitHub', 'Redis', 'Early Access', 'Non-JDBC', 'Cassandra', 'JDBC', 'Developers', 'Analysts', 'SQL']",12-03-2024
39662615,,12-03-2024
39662698,"['Monte-Carlo Graph Search', 'Directed graphs', 'Exponential growth', 'DAG', 'Game tree search', 'Graph search', 'Korus', 'Monte-Carlo Tree Search', 'Monte Carlo Tree Search (MCTS)', 'MCTS']",12-03-2024
39662721,,12-03-2024
39666956,,12-03-2024
39666993,"['Decentralized database', 'IPFS', 'Open-source community', 'IPFS network', 'Glitter SDK', 'E-book search engine', 'ENS', 'SDK']",12-03-2024
39668053,"['Memory corruption', 'Bug fixing', 'Android', 'Bluetooth LE', 'Hardware tagging']",12-03-2024
39668962,"['Onedoc', 'React Print PDF', 'LaTeX', 'Chakra UI', 'NDA', 'API', 'Open-source library', 'SDK', 'PDF generation', 'Tailwind CSS', 'Automation', '&quot;react', 'PDF', 'Document design']",12-03-2024
39669167,"['MUO', 'Security cameras', 'Indoor cameras', 'Airbnb', 'Privacy', 'Outdoor cameras']",12-03-2024
39670102,"['Disabling GIL', 'GitHub', 'GIL', 'Nogil', 'Thread safety', 'Buildbot', 'Python GIL']",12-03-2024
39670922,"['Infinite canvas', 'MIT', 'User ownership', 'JSON Canvas', 'Data longevity', 'Interoperability']",12-03-2024
39672450,"['Image/video generation', 'Stable Diffusion', 'Text generation', 'Robotics path planning', 'Protein design', 'HackerNews Diffusion', 'Generative modeling', 'Multimodal distributions']",12-03-2024
39673087,"['Cosmic expansion rate', 'Webb', 'Distance ladder', 'the James Webb Space Telescope', 'Cepheid variables', 'Universe', 'ESA', 'Hubble', 'NASA', 'ESA Planck', 'James Webb Space Telescope', 'Hubble constant']",12-03-2024
39673589,"['Standards', 'Death', 'Boeing', 'Testifying', 'John Barnett']",12-03-2024
39673754,"['Udny Yule', 'Confounding variables', 'Causal relations', 'University of California, Berkeley', 'Probability and statistics', 'Simpson's paradox', 'Social science and medicine']",12-03-2024
39675054,"['Transformer Debugger (TDB)', 'node/npm', 'Autoencoders', 'Language models', 'GitHub', 'OpenAI Superalignment', 'Contribute', 'Interpretability techniques']",12-03-2024
39675249,"['Delegation', 'Breaking down', 'Project', 'Task', 'Estimation']",12-03-2024
39675807,"['Animation tools', 'Graphic design', 'Adobe Illustrator', 'One-stop platform', 'Motion graphics', 'SVG animations']",12-03-2024
39676767,"['TCP', '\u2022 Laptop setup', '\u2022 Disk copying', '\u2022 GRML rescue CD', '\u2022 WiFi configuration', 'WiFi', 'NVME', 'GRML', '\u2022 Network services', '\u2022 Linux module', '\u2022 NVME over TCP']",12-03-2024
39678532,"['Apple', 'Digital Markets Act (DMA)', 'Web distribution', 'EU', 'the Apple Developer Program', 'Digital Markets Act', 'European Union', 'MacRumors', 'App distribution', 'Developers', 'the European Union']",12-03-2024
39678555,"['Flexibility', 'European Union', 'App distribution', 'EU', 'Web Distribution', 'the European Union', 'Developers', 'Apple']",12-03-2024
39678783,"['Global inequalities', 'Improvements', 'Weather forecasting', 'Accuracy', 'The Met Office', 'Life and livelihood', 'the Met Office']",13-03-2024
39679787,"['Autonomy', 'Development', 'GitHub', 'ControlNet', 'AI', 'Software engineering', 'Collaboration']",12-03-2024
39680997,"['Development', 'Productivity', 'Models', 'AI Research SuperCluster', 'RSC', 'AI', 'Research', 'GPU', 'LLM', 'NVIDIA', 'Hardware', 'GenAI', 'NLP', 'Meta', 'Infrastructure', 'AGI']",12-03-2024
39681920,"['NYPD', 'IP', 'Subpoena', 'the American Civil Liberties Union', 'Social media', 'the New York Civil Liberties Union', 'Privacy', 'Accountability']",13-03-2024
